input,output,label,source,__text__
我忘了借记卡取款密码怎么办？,"请在“XX银行App-我的-安全中心-密码管理”选择“重置取款密码”，完成人脸核身后设置新密码；如线上校验不通过，请携带身份证原件至任一网点办理。
",账户与安全,retrieved,"我忘了借记卡取款密码怎么办？ || 请在“XX银行App-我的-安全中心-密码管理”选择“重置取款密码”，完成人脸核身后设置新密码；如线上校验不通过，请携带身份证原件至任一网点办理。
"
手机丢了怕被人用我的卡，怎么紧急处理？,"请立即在“XX银行App-我的-安全中心-紧急服务”办理“挂失/临时冻结”，或拨打 955xx 选择“挂失止付”；随后更换预留手机号并修改登录/取款密码。如发现可疑交易，请联系人工核查。
",账户与安全,retrieved,"手机丢了怕被人用我的卡，怎么紧急处理？ || 请立即在“XX银行App-我的-安全中心-紧急服务”办理“挂失/临时冻结”，或拨打 955xx 选择“挂失止付”；随后更换预留手机号并修改登录/取款密码。如发现可疑交易，请联系人工核查。
"
我从别的银行给你们银行转账，多久到账？,"跨行转账一般 2 小时内到账，具体以收款行入账为准。通过我行 App“转账-跨行”选择快速通道通常实时/准实时；节假日或风控复核可能延迟，可在“转账记录”里发起进度查询。
",支付与转账,retrieved,"我从别的银行给你们银行转账，多久到账？ || 跨行转账一般 2 小时内到账，具体以收款行入账为准。通过我行 App“转账-跨行”选择快速通道通常实时/准实时；节假日或风控复核可能延迟，可在“转账记录”里发起进度查询。
"
转账显示超过限额，是怎么回事？,"转账限额受多因素影响（实名等级、设备安全、产品限额等）。请在“App-我的-安全中心-限额管理”查看并提升认证等级；如仍受限，可分笔操作或联系人工评估。
",支付与转账,retrieved,"转账显示超过限额，是怎么回事？ || 转账限额受多因素影响（实名等级、设备安全、产品限额等）。请在“App-我的-安全中心-限额管理”查看并提升认证等级；如仍受限，可分笔操作或联系人工评估。
"
信用卡最低还款和全额还款有啥区别？,"选择最低还款可避免逾期，但未还部分会计息；全额还款则不计息。建议在到期日前尽量全额还款，避免利息与信用影响。您可在“信用卡-我的-本期账单”查看金额与到期日。
",信用卡,retrieved,"信用卡最低还款和全额还款有啥区别？ || 选择最低还款可避免逾期，但未还部分会计息；全额还款则不计息。建议在到期日前尽量全额还款，避免利息与信用影响。您可在“信用卡-我的-本期账单”查看金额与到期日。
"
怎么取消信用卡年费？,"部分卡种支持年费减免（如达标免年费/积分抵扣），以卡片条款为准。请在“信用卡-我的-年费与权益”查看减免规则；若已扣收，可在 48 小时内联系人工评估是否可退。
",费用与收费,retrieved,"怎么取消信用卡年费？ || 部分卡种支持年费减免（如达标免年费/积分抵扣），以卡片条款为准。请在“信用卡-我的-年费与权益”查看减免规则；若已扣收，可在 48 小时内联系人工评估是否可退。
"
3个月理财稳不稳定？会不会亏？,"多数理财为“非保本浮动收益”，存在亏损风险；如为保本类会在产品说明中明确标注。请在“理财-产品详情-风险揭示/历史净值”查看条款，并结合自身风险承受能力选择。
",理财与风险,retrieved,"3个月理财稳不稳定？会不会亏？ || 多数理财为“非保本浮动收益”，存在亏损风险；如为保本类会在产品说明中明确标注。请在“理财-产品详情-风险揭示/历史净值”查看条款，并结合自身风险承受能力选择。
"
今天美元兑人民币的汇率是多少？,"汇率实时波动，请以下单页面显示为准。您可在“外汇-实时汇率”或“兑换下单”界面查看当前购/售汇价；如需大额或特殊用途，建议先咨询人工了解时点政策。
",外汇与汇率,retrieved,"今天美元兑人民币的汇率是多少？ || 汇率实时波动，请以下单页面显示为准。您可在“外汇-实时汇率”或“兑换下单”界面查看当前购/售汇价；如需大额或特殊用途，建议先咨询人工了解时点政策。
"
我要申请消费贷款，利率多少？多久能批？,"贷款利率和审批时效会受个人资质、产品条款与时点政策影响，以系统评估及合同为准。您可在“贷款-快速申请”提交资料查看预估结果；如需更详细评估，请转人工。
",贷款与利率,retrieved,"我要申请消费贷款，利率多少？多久能批？ || 贷款利率和审批时效会受个人资质、产品条款与时点政策影响，以系统评估及合同为准。您可在“贷款-快速申请”提交资料查看预估结果；如需更详细评估，请转人工。
"
App 提示人脸识别失败，怎么解决？,"请在光线充足环境下正对摄像头，清除摄像头污渍并关闭强美颜/滤镜后重试；仍失败可在“我的-安全中心-人工核验”提交资料，或携带身份证至网点协助处理。
",App与技术,retrieved,"App 提示人脸识别失败，怎么解决？ || 请在光线充足环境下正对摄像头，清除摄像头污渍并关闭强美颜/滤镜后重试；仍失败可在“我的-安全中心-人工核验”提交资料，或携带身份证至网点协助处理。
"
怎么联系人工客服？,"请在 App 底部“客服中心”输入“人工客服”或拨打 955xx，工作时间 9:00-18:00 接入更快；如遇挂失/盗刷等紧急事项，请直接致电热线选择对应按键。
",网点与人工,retrieved,"怎么联系人工客服？ || 请在 App 底部“客服中心”输入“人工客服”或拨打 955xx，工作时间 9:00-18:00 接入更快；如遇挂失/盗刷等紧急事项，请直接致电热线选择对应按键。
"
转账失败但是钱扣了怎么办？,"部分异常会触发风控复核或退汇，请在“转账记录”查看状态；如 24 小时内未入账或退回，请联系人工协查。请确认收款人姓名与卡号一致，避免误转。
",投诉与争议,retrieved,"转账失败但是钱扣了怎么办？ || 部分异常会触发风控复核或退汇，请在“转账记录”查看状态；如 24 小时内未入账或退回，请联系人工协查。请确认收款人姓名与卡号一致，避免误转。
"
能查一下我这张卡上个月消费多少吗？,"为保护隐私，我们无法直接查看您的账务。请在“XX银行App-账单/明细”按月份查询，或导出对账单；如需发票/凭证，可在明细页申请。
",账户与安全,retrieved,"能查一下我这张卡上个月消费多少吗？ || 为保护隐私，我们无法直接查看您的账务。请在“XX银行App-账单/明细”按月份查询，或导出对账单；如需发票/凭证，可在明细页申请。
"
从理财转出到卡要多久？会有费用吗？,"转出时效与费用以产品条款为准，您可在“理财-持有中-产品详情-赎回规则/费用说明”查看；不同产品可能存在 T+N 到账或赎回费，具体以页面显示为准。
",理财与风险,retrieved,"从理财转出到卡要多久？会有费用吗？ || 转出时效与费用以产品条款为准，您可在“理财-持有中-产品详情-赎回规则/费用说明”查看；不同产品可能存在 T+N 到账或赎回费，具体以页面显示为准。
"
我想把美元换成人民币，有没有额度限制？,"个人年度购汇额度受监管政策限制，请在“外汇-购汇”页面查看剩余额度与用途要求；如涉及留学/就医等专项用途，请准备对应材料，必要时联系人工咨询。
",外汇与汇率,retrieved,"我想把美元换成人民币，有没有额度限制？ || 个人年度购汇额度受监管政策限制，请在“外汇-购汇”页面查看剩余额度与用途要求；如涉及留学/就医等专项用途，请准备对应材料，必要时联系人工咨询。
"
开卡后怎么调整信用卡额度？,"额度调整需要系统评估，受用卡记录与风险政策影响。请在“信用卡-额度管理”提交申请，结果以系统显示为准；如需临时额度，请按页面指引申请并留意到期恢复。
",信用卡,retrieved,"开卡后怎么调整信用卡额度？ || 额度调整需要系统评估，受用卡记录与风险政策影响。请在“信用卡-额度管理”提交申请，结果以系统显示为准；如需临时额度，请按页面指引申请并留意到期恢复。
"
为什么被收了短信服务费/账户管理费？,"费用以产品或服务条款为准，您可在“我的-费用与权益/消息服务”查看当前收费项目与退订方式；如对费用有异议，请联系人工核实账期与条件。
",费用与收费,retrieved,"为什么被收了短信服务费/账户管理费？ || 费用以产品或服务条款为准，您可在“我的-费用与权益/消息服务”查看当前收费项目与退订方式；如对费用有异议，请联系人工核实账期与条件。
"
我想注销银行卡，需要准备什么？,"请先清空余额、取消代扣与绑订业务后办理注销。可在“我的-账户管理-账户注销”提交申请；如线上不通过，请携带身份证原件至网点办理。
",网点与人工,retrieved,"我想注销银行卡，需要准备什么？ || 请先清空余额、取消代扣与绑订业务后办理注销。可在“我的-账户管理-账户注销”提交申请；如线上不通过，请携带身份证原件至网点办理。
"
帮我报下你们目前的存款利率？,"存款利率可能随时点政策与产品而变动，请以网点公告或 App“存款-产品详情-利率说明”为准。若需大额存单或专项产品，请咨询人工了解当前政策。
",贷款与利率,retrieved,"帮我报下你们目前的存款利率？ || 存款利率可能随时点政策与产品而变动，请以网点公告或 App“存款-产品详情-利率说明”为准。若需大额存单或专项产品，请咨询人工了解当前政策。
"
你们能看到我具体每笔消费吗？,"为保护您的隐私，我们不会查看或公开您的具体消费明细。明细可在“账单/明细”自行查询；若发现异常交易，请第一时间联系人工协助处理。
",账户与安全,retrieved,"你们能看到我具体每笔消费吗？ || 为保护您的隐私，我们不会查看或公开您的具体消费明细。明细可在“账单/明细”自行查询；若发现异常交易，请第一时间联系人工协助处理。
"
...,...,synthetic,synthetic,... || ...
"Hello, can I know the current balance of my account?","You can check your current balance by logging into your bank app or website, navigating to the account details page, and selecting the relevant information.",synthetic,synthetic,"Hello, can I know the current balance of my account? || You can check your current balance by logging into your bank app or website, navigating to the account details page, and selecting the relevant information."
你们有没有热线号?,您可以拨打 400-1234567 热线进行咨询，或者在官网的客户服务页面查看更多联系方式,synthetic,synthetic,你们有没有热线号? || 您可以拨打 400-1234567 热线进行咨询，或者在官网的客户服务页面查看更多联系方式
你可以在什么地方查到最近一年的账单?,您可以在‘XX银行App-账单/明细’按月份查询，或导出对账单；如需发票/凭证，可在明细页申请。,synthetic,synthetic,你可以在什么地方查到最近一年的账单? || 您可以在‘XX银行App-账单/明细’按月份查询，或导出对账单；如需发票/凭证，可在明细页申请。
你好，我想问一下存款利率是什么?,存款利率可能随时点政策与产品而变动，请以网点公告或 App‘存款-产品详情-利率说明’为准。若需大额存单或专项产品，请咨询人工了解当前政策。,synthetic,synthetic,你好，我想问一下存款利率是什么? || 存款利率可能随时点政策与产品而变动，请以网点公告或 App‘存款-产品详情-利率说明’为准。若需大额存单或专项产品，请咨询人工了解当前政策。
你想知道我的信用卡额度的最高限额?,您可以在'信用卡-额度管理'页面查看您的当前额度，系统会根据您的使用习惯和还款记录进行调整。如果您需要提高额度，请提交申请，由系统评估并给出建议。,synthetic,synthetic,你想知道我的信用卡额度的最高限额? || 您可以在'信用卡-额度管理'页面查看您的当前额度，系统会根据您的使用习惯和还款记录进行调整。如果您需要提高额度，请提交申请，由系统评估并给出建议。
你需要报告一些短信服务费/账户管理费了，我怎么操作？,费用以产品或服务条款为准，您可在‘我的-费用与权益/消息服务’查看当前收费项目与退订方式；如对费用有异议，请联系人工核实账期与条件。,synthetic,synthetic,你需要报告一些短信服务费/账户管理费了，我怎么操作？ || 费用以产品或服务条款为准，您可在‘我的-费用与权益/消息服务’查看当前收费项目与退订方式；如对费用有异议，请联系人工核实账期与条件。
卡被盗了，怎么办？,请立即联系客服热线，我们会帮助您申请冻结原始卡号并更换新卡，以防止非法使用。,synthetic,synthetic,卡被盗了，怎么办？ || 请立即联系客服热线，我们会帮助您申请冻结原始卡号并更换新卡，以防止非法使用。
如何使用我银行卡的积分?,您可以通过 XX 银行 App-积分管理页面查看您的积分余额和使用积分流程，具体使用规则以积分条款为准。若有任何疑问，请联系人工咨询。,synthetic,synthetic,如何使用我银行卡的积分? || 您可以通过 XX 银行 App-积分管理页面查看您的积分余额和使用积分流程，具体使用规则以积分条款为准。若有任何疑问，请联系人工咨询。
如何关闭短信服务?,您可在'XX银行App-消息服务'页面退订短信服务，或拨打955xx客服电话咨询。,synthetic,synthetic,如何关闭短信服务? || 您可在'XX银行App-消息服务'页面退订短信服务，或拨打955xx客服电话咨询。
如何在XX银行App上查询我的信用卡余额?,您可以在'XX银行App-账户管理'页面查看当前可用额度和信用卡余额，或拨打955xx客服电话咨询。,synthetic,synthetic,如何在XX银行App上查询我的信用卡余额? || 您可以在'XX银行App-账户管理'页面查看当前可用额度和信用卡余额，或拨打955xx客服电话咨询。
如何在您的App中申请提款额度?,请在'信用卡-额度管理'页面提交申请，结果以系统显示为准；如需帮助，可直接致电客服热线咨询。,synthetic,synthetic,如何在您的App中申请提款额度? || 请在'信用卡-额度管理'页面提交申请，结果以系统显示为准；如需帮助，可直接致电客服热线咨询。
如何处理转账失败但是钱扣了?,部分异常会触发风控复核或退汇，请在‘转账记录’查看状态；如 24 小时内未入账或退回，请联系人工协查。请确认收款人姓名与卡号一致，避免误转。,synthetic,synthetic,如何处理转账失败但是钱扣了? || 部分异常会触发风控复核或退汇，请在‘转账记录’查看状态；如 24 小时内未入账或退回，请联系人工协查。请确认收款人姓名与卡号一致，避免误转。
如何开通银行卡的电子账单?,您可以通过XX银行App-账户管理页面或拨打955xx热线咨询工作人员来开通银行卡的电子账单。,synthetic,synthetic,如何开通银行卡的电子账单? || 您可以通过XX银行App-账户管理页面或拨打955xx热线咨询工作人员来开通银行卡的电子账单。
如何提取银行卡的钱?,您可以通过XX银行App-账户管理页面或拨打955xx热线咨询工作人员来提取银行卡的钱。,synthetic,synthetic,如何提取银行卡的钱? || 您可以通过XX银行App-账户管理页面或拨打955xx热线咨询工作人员来提取银行卡的钱。
如何查明个人年度购汇额度剩余?,"请在""外汇-购汇""页面查看剩余额度与用途要求。",synthetic,synthetic,"如何查明个人年度购汇额度剩余? || 请在""外汇-购汇""页面查看剩余额度与用途要求。"
如何查看我的银行卡账单和明细?,您可以在'XX银行App-账户管理'页面查阅您的账户信息，或拨打955xx客服电话咨询。,synthetic,synthetic,如何查看我的银行卡账单和明细? || 您可以在'XX银行App-账户管理'页面查阅您的账户信息，或拨打955xx客服电话咨询。
如何查询个人银行卡账户?,您可以在'XX银行App-账户管理'页面查阅您的账户信息，或拨打955xx客服电话咨询。,synthetic,synthetic,如何查询个人银行卡账户? || 您可以在'XX银行App-账户管理'页面查阅您的账户信息，或拨打955xx客服电话咨询。
如何查询信用卡额度?,您可以在 App 的‘信用卡-额度管理’页面查看当前额度和使用历史。如需临时额度或调整，请按页面指引申请并留意到期恢复。,synthetic,synthetic,如何查询信用卡额度? || 您可以在 App 的‘信用卡-额度管理’页面查看当前额度和使用历史。如需临时额度或调整，请按页面指引申请并留意到期恢复。
如何查询我的信用卡额度?,请在'XX银行App-额度管理'页面查看当前额度，或拨打955xx客服电话咨询,synthetic,synthetic,如何查询我的信用卡额度? || 请在'XX银行App-额度管理'页面查看当前额度，或拨打955xx客服电话咨询
如何查询我的银行卡的额度？,请在‘XX银行App-额度管理’页面查看当前额度，或前往网点咨询。,synthetic,synthetic,如何查询我的银行卡的额度？ || 请在‘XX银行App-额度管理’页面查看当前额度，或前往网点咨询。
如何查询账单和明细?,您可以在 'XX银行App-账户管理' 页面查阅账单和明细。具体详请查看帮助中心文档或与客服人员联系。,synthetic,synthetic,如何查询账单和明细? || 您可以在 'XX银行App-账户管理' 页面查阅账单和明细。具体详请查看帮助中心文档或与客服人员联系。
如何查询银行卡账单和消费明细?,为保护您的隐私，我们不会查看或公开您的具体消费明细。明细可在'XX银行App-账户管理'页面按月份查询，或导出对账单；若发现异常交易，请第一时间联系人工协助处理。,synthetic,synthetic,如何查询银行卡账单和消费明细? || 为保护您的隐私，我们不会查看或公开您的具体消费明细。明细可在'XX银行App-账户管理'页面按月份查询，或导出对账单；若发现异常交易，请第一时间联系人工协助处理。
如何查询银行卡账户信息?,您可以在'XX银行App-账户管理'页面查阅您的账户信息，或拨打955xx客服电话咨询。,synthetic,synthetic,如何查询银行卡账户信息? || 您可以在'XX银行App-账户管理'页面查阅您的账户信息，或拨打955xx客服电话咨询。
如何查询银行卡额度?,您可以在 'XX银行App-账户管理' 页面查看当前额度，或者通过电话热线 955xx 咨询工作人员，具体调整流程以系统显示为准,synthetic,synthetic,如何查询银行卡额度? || 您可以在 'XX银行App-账户管理' 页面查看当前额度，或者通过电话热线 955xx 咨询工作人员，具体调整流程以系统显示为准
如何申请信用卡额度调整?,请在 '信用卡-额度管理' 页面提交申请，结果以系统显示为准；如需临时额度，请按页面指引申请并留意到期恢复。,synthetic,synthetic,如何申请信用卡额度调整? || 请在 '信用卡-额度管理' 页面提交申请，结果以系统显示为准；如需临时额度，请按页面指引申请并留意到期恢复。
如何申请信用卡额度调整？,请在‘XX银行App-额度管理’页面提交申请，结果以系统显示为准；如需临时额度，请按页面指引申请并留意到期恢复。,synthetic,synthetic,如何申请信用卡额度调整？ || 请在‘XX银行App-额度管理’页面提交申请，结果以系统显示为准；如需临时额度，请按页面指引申请并留意到期恢复。
如何申请暂时提高我的信用卡额度?,您可以在‘XX银行App-额度管理’中提交申请，系统将根据您的用卡记录与风险政策评估并提示结果。若需要临时额度，请按页面指引申请并注意到期恢复。,synthetic,synthetic,如何申请暂时提高我的信用卡额度? || 您可以在‘XX银行App-额度管理’中提交申请，系统将根据您的用卡记录与风险政策评估并提示结果。若需要临时额度，请按页面指引申请并注意到期恢复。
如何调整银行卡额度?,请在‘信用卡-额度管理’提交申请，结果以系统显示为准；如需临时额度，请按页面指引申请并留意到期恢复。,synthetic,synthetic,如何调整银行卡额度? || 请在‘信用卡-额度管理’提交申请，结果以系统显示为准；如需临时额度，请按页面指引申请并留意到期恢复。
如何转账失败的钱,部分异常会触发风控复核或退汇，请在‘转账记录’查看状态；如24小时内未入账或退回，请联系人工协查。请确认收款人姓名与卡号一致，避免误转。,synthetic,synthetic,如何转账失败的钱 || 部分异常会触发风控复核或退汇，请在‘转账记录’查看状态；如24小时内未入账或退回，请联系人工协查。请确认收款人姓名与卡号一致，避免误转。
如何避免被短信服务费/账户管理费收取?,费用以产品或服务条款为准，您可在‘我的-费用与权益/消息服务’查看当前收费项目与退订方式；如对费用有异议，请联系人工核实账期与条件。,synthetic,synthetic,如何避免被短信服务费/账户管理费收取? || 费用以产品或服务条款为准，您可在‘我的-费用与权益/消息服务’查看当前收费项目与退订方式；如对费用有异议，请联系人工核实账期与条件。
怎么办理银行卡的额度调整?,请先清空余额、取消代扣与绑订业务后在 'XX银行App-账户管理' 页面提交申请，结果以系统显示为准；如线上不通过，请携带身份证原件至网点办理。,synthetic,synthetic,怎么办理银行卡的额度调整? || 请先清空余额、取消代扣与绑订业务后在 'XX银行App-账户管理' 页面提交申请，结果以系统显示为准；如线上不通过，请携带身份证原件至网点办理。
您可以在'XX银行App-账户管理'页面查看您的当前绑定信息，或拨打955xx热线咨询。,您可以在‘XX银行App-账户管理’页面查看您的当前绑定信息，也可以拨打955xx热线咨询，工作人员会协助处理相关事项,synthetic,synthetic,您可以在'XX银行App-账户管理'页面查看您的当前绑定信息，或拨打955xx热线咨询。 || 您可以在‘XX银行App-账户管理’页面查看您的当前绑定信息，也可以拨打955xx热线咨询，工作人员会协助处理相关事项
您可以查询最近三年的账单吗?,"为保护您的隐私，我们不会查看或公开您的具体消费明细。明细可在""账单/明细""自行查询；若发现异常交易，请第一时间联系人工协助处理。",synthetic,synthetic,"您可以查询最近三年的账单吗? || 为保护您的隐私，我们不会查看或公开您的具体消费明细。明细可在""账单/明细""自行查询；若发现异常交易，请第一时间联系人工协助处理。"
您好，能不能告诉我银行卡的额度？,您可在‘我的-额度管理’页面查看您的当前额度，或拨打955xx热线咨询。,synthetic,synthetic,您好，能不能告诉我银行卡的额度？ || 您可在‘我的-额度管理’页面查看您的当前额度，或拨打955xx热线咨询。
我卡上的积分如何查询?,请在'XX银行App-积分中心'页面查看您的当前积分情况，或者可以拨打955xx热线咨询。,synthetic,synthetic,我卡上的积分如何查询? || 请在'XX银行App-积分中心'页面查看您的当前积分情况，或者可以拨打955xx热线咨询。
我卡丢了怎么办?,请第一时间拨打热线选择对应按键，工作人员会协助处理盗刷事项,synthetic,synthetic,我卡丢了怎么办? || 请第一时间拨打热线选择对应按键，工作人员会协助处理盗刷事项
我卡丢了怎么办？,请立即联系我们客服热线，提供相关证明材料，我们会帮助您申请更换卡片并冻结原始卡号，以防止非法使用。,synthetic,synthetic,我卡丢了怎么办？ || 请立即联系我们客服热线，提供相关证明材料，我们会帮助您申请更换卡片并冻结原始卡号，以防止非法使用。
我卡被盗了怎么办?,请立即联系我们的人工客服，提供相关信息，我们会尽快处理,synthetic,synthetic,我卡被盗了怎么办? || 请立即联系我们的人工客服，提供相关信息，我们会尽快处理
我卡被盗了，怎么办?,请第一时间致电热线选择对应按键，或者在‘我的-账户管理’中提交申请，系统会评估您的风险政策并采取相应措施。,synthetic,synthetic,我卡被盗了，怎么办? || 请第一时间致电热线选择对应按键，或者在‘我的-账户管理’中提交申请，系统会评估您的风险政策并采取相应措施。
我卡被盗了，怎么办？,请第一时间联系人工热线选择对应按键处理，避免损失更多。,synthetic,synthetic,我卡被盗了，怎么办？ || 请第一时间联系人工热线选择对应按键处理，避免损失更多。
我卡被盗了，怎么处理？,请第一时间致电热线选择对应按键，工作人员会协助您处理盗刷事项。,synthetic,synthetic,我卡被盗了，怎么处理？ || 请第一时间致电热线选择对应按键，工作人员会协助您处理盗刷事项。
我卡被盗了，需要准备什么?,请先清空余额、取消代扣与绑订业务后办理注销。可在‘我的-账户管理-账户注销’提交申请；如线上不通过，请携带身份证原件至网点办理。,synthetic,synthetic,我卡被盗了，需要准备什么? || 请先清空余额、取消代扣与绑订业务后办理注销。可在‘我的-账户管理-账户注销’提交申请；如线上不通过，请携带身份证原件至网点办理。
我卡被盗刷了怎么办?,请第一时间联系人工协助处理，提供相关证据和信息，我们会帮助您解决问题。,synthetic,synthetic,我卡被盗刷了怎么办? || 请第一时间联系人工协助处理，提供相关证据和信息，我们会帮助您解决问题。
我卡被盗刷了，怎么办?,请第一时间联系银行热线955xx，说明情况并提供相关证据。,synthetic,synthetic,我卡被盗刷了，怎么办? || 请第一时间联系银行热线955xx，说明情况并提供相关证据。
我卡被盗刷了，怎么办？,请第一时间联系银行热线955xx，说明情况并提供相关证据。,synthetic,synthetic,我卡被盗刷了，怎么办？ || 请第一时间联系银行热线955xx，说明情况并提供相关证据。
我卡被盗刷了，需要怎么办?,请第一时间拨打热线选择对应按键，工作人员会协助处理盗刷事项,synthetic,synthetic,我卡被盗刷了，需要怎么办? || 请第一时间拨打热线选择对应按键，工作人员会协助处理盗刷事项
我卡里的积分能用在什么地方?,积分可用于抵扣部分服务费、购买银行贷款利息优惠券或转换成现金，具体详情请参阅银行的积分政策与使用指南,synthetic,synthetic,我卡里的积分能用在什么地方? || 积分可用于抵扣部分服务费、购买银行贷款利息优惠券或转换成现金，具体详情请参阅银行的积分政策与使用指南
我想了解一下银行卡的余额?,您可以在‘XX银行App-账单/明细’中查询您的当前余额，或者通过电话与客服核实。,synthetic,synthetic,我想了解一下银行卡的余额? || 您可以在‘XX银行App-账单/明细’中查询您的当前余额，或者通过电话与客服核实。
我想了解信用卡积分兑换规则是什么?,您可以在'XX银行App-账户管理'页面查阅您的账户信息，或拨打955xx客服电话咨询。具体兑换规则以系统显示为准，另有专门说明栏位描述相关注意事项和政策变动,synthetic,synthetic,我想了解信用卡积分兑换规则是什么? || 您可以在'XX银行App-账户管理'页面查阅您的账户信息，或拨打955xx客服电话咨询。具体兑换规则以系统显示为准，另有专门说明栏位描述相关注意事项和政策变动
我想了解如何开启短信服务?,费用以产品或服务条款为准，您可在“我的-费用与权益/消息服务”查看当前收费项目与退订方式；如对费用有异议，请联系人工核实账期与条件。,synthetic,synthetic,我想了解如何开启短信服务? || 费用以产品或服务条款为准，您可在“我的-费用与权益/消息服务”查看当前收费项目与退订方式；如对费用有异议，请联系人工核实账期与条件。
我想了解如何查阅我的账务？,为保护隐私，我们不会查看您的具体消费明细。请在‘XX银行App-账单/明细’自行查询，或导出对账单；若需发票/凭证，请在明细页申请。,synthetic,synthetic,我想了解如何查阅我的账务？ || 为保护隐私，我们不会查看您的具体消费明细。请在‘XX银行App-账单/明细’自行查询，或导出对账单；若需发票/凭证，请在明细页申请。
我想了解如何调整信用卡额度?,额度调整需要系统评估，受用卡记录与风险政策影响。请在‘信用卡-额度管理’提交申请，结果以系统显示为准；如需临时额度，请按页面指引申请并留意到期恢复。,synthetic,synthetic,我想了解如何调整信用卡额度? || 额度调整需要系统评估，受用卡记录与风险政策影响。请在‘信用卡-额度管理’提交申请，结果以系统显示为准；如需临时额度，请按页面指引申请并留意到期恢复。
我想了解如何通过网银进行转账?,请先注册个人银行卡账户，然后在 '我的-账户管理-网银服务' 页面提交申请；如线上不通过，请携带身份证原件至网点办理。,synthetic,synthetic,我想了解如何通过网银进行转账? || 请先注册个人银行卡账户，然后在 '我的-账户管理-网银服务' 页面提交申请；如线上不通过，请携带身份证原件至网点办理。
我想了解如何通过银行 App 发起转账,"您可以在 ""XX银行App-转账"" 页面输入收款人姓名和卡号，设置转账金额，并确认交易详情。",synthetic,synthetic,"我想了解如何通过银行 App 发起转账 || 您可以在 ""XX银行App-转账"" 页面输入收款人姓名和卡号，设置转账金额，并确认交易详情。"
我想了解如何通过银行 App 转账到我自己的账户,您可以在 'XX银行App-转账' 页面选择 '转入自身账户'选项，输入转账金额并确认交易详情。,synthetic,synthetic,我想了解如何通过银行 App 转账到我自己的账户 || 您可以在 'XX银行App-转账' 页面选择 '转入自身账户'选项，输入转账金额并确认交易详情。
我想了解如何通过银行卡支付信用卡账单?,您可以在'XX银行App-账户管理'页面查看当前余额，或者通过电话热线 955xx 咨询工作人员,synthetic,synthetic,我想了解如何通过银行卡支付信用卡账单? || 您可以在'XX银行App-账户管理'页面查看当前余额，或者通过电话热线 955xx 咨询工作人员
我想了解存款利率政策变化情况?,存款利率可能随时点政策与产品而变动，请以网点公告或 App“存款-产品详情-利率说明”为准。若需大额存单或专项产品，请咨询人工了解当前政策。,synthetic,synthetic,我想了解存款利率政策变化情况? || 存款利率可能随时点政策与产品而变动，请以网点公告或 App“存款-产品详情-利率说明”为准。若需大额存单或专项产品，请咨询人工了解当前政策。
我想了解我的信用卡借款利率?,您可以在'XX银行App-产品详情-利率说明'中查看当前的借款利率信息，或者拨打955xx客服电话咨询。,synthetic,synthetic,我想了解我的信用卡借款利率? || 您可以在'XX银行App-产品详情-利率说明'中查看当前的借款利率信息，或者拨打955xx客服电话咨询。
我想了解我的卡片额度限制有多高?,您可在 'XX银行App-账户管理' 页面查看当前可用额度，并按页面提示操作，以免因未知信息而导致资金不流动。,synthetic,synthetic,我想了解我的卡片额度限制有多高? || 您可在 'XX银行App-账户管理' 页面查看当前可用额度，并按页面提示操作，以免因未知信息而导致资金不流动。
我想了解我的银行卡的状态是啥?,您可以在‘XX银行App-账户管理’页面查看您的当前绑定信息，或拨打955xx热线咨询，工作人员会协助处理相关事项,synthetic,synthetic,我想了解我的银行卡的状态是啥? || 您可以在‘XX银行App-账户管理’页面查看您的当前绑定信息，或拨打955xx热线咨询，工作人员会协助处理相关事项
我想了解银行卡的余额查询流程是什么?,您可以在 XX 银行 App 中进入账户管理页面，选择查看余额，并按照系统指引完成流程。具体操作可在 XX 银行官网或 App 文档中查阅。,synthetic,synthetic,我想了解银行卡的余额查询流程是什么? || 您可以在 XX 银行 App 中进入账户管理页面，选择查看余额，并按照系统指引完成流程。具体操作可在 XX 银行官网或 App 文档中查阅。
我想了解银行卡的额度调整流程,您可以在 'XX银行App-账户管理' 页面查看当前额度，或者通过电话热线 955xx 咨询工作人员，具体调整流程以系统显示为准,synthetic,synthetic,我想了解银行卡的额度调整流程 || 您可以在 'XX银行App-账户管理' 页面查看当前额度，或者通过电话热线 955xx 咨询工作人员，具体调整流程以系统显示为准
我想了解银行卡的额度调整流程?,请在‘信用卡-额度管理’提交申请，结果以系统显示为准；如需临时额度，请按页面指引申请并留意到期恢复。,synthetic,synthetic,我想了解银行卡的额度调整流程? || 请在‘信用卡-额度管理’提交申请，结果以系统显示为准；如需临时额度，请按页面指引申请并留意到期恢复。
我想咨询一下信用卡的额度限制?,"个人年度购汇额度受监管政策限制，请在""外汇-购汇""页面查看剩余额度与用途要求；如涉及留学/就医等专项用途，请准备对应材料，必要时联系人工咨询。",synthetic,synthetic,"我想咨询一下信用卡的额度限制? || 个人年度购汇额度受监管政策限制，请在""外汇-购汇""页面查看剩余额度与用途要求；如涉及留学/就医等专项用途，请准备对应材料，必要时联系人工咨询。"
我想咨询一下您的银行业务，能否提供专业的服务?,您可以通过电话或来到网点咨询，我们将竭诚为您提供帮助。,synthetic,synthetic,我想咨询一下您的银行业务，能否提供专业的服务? || 您可以通过电话或来到网点咨询，我们将竭诚为您提供帮助。
我想咨询一下银行卡的存款利率?,存款利率可能随时点政策与产品而变动，请以网点公告或 App‘存款-产品详情-利率说明’为准。若需大额存单或专项产品，请咨询人工了解当前政策。,synthetic,synthetic,我想咨询一下银行卡的存款利率? || 存款利率可能随时点政策与产品而变动，请以网点公告或 App‘存款-产品详情-利率说明’为准。若需大额存单或专项产品，请咨询人工了解当前政策。
我想咨询一下银行卡的额度管理规则？,您可在 App '信用卡-额度管理'页面提交申请，结果以系统显示为准。,synthetic,synthetic,我想咨询一下银行卡的额度管理规则？ || 您可在 App '信用卡-额度管理'页面提交申请，结果以系统显示为准。
我想开个信用卡，申请什么?,"您可以在""XX银行App-产品与服务""页面浏览我们的各类贷款方案，选择合适的产品，并提交申请。",synthetic,synthetic,"我想开个信用卡，申请什么? || 您可以在""XX银行App-产品与服务""页面浏览我们的各类贷款方案，选择合适的产品，并提交申请。"
我想开卡，但是需要准备什么？,请先在网点填写开户申请表格，准备身份证和其他必要材料后再办理开卡。,synthetic,synthetic,我想开卡，但是需要准备什么？ || 请先在网点填写开户申请表格，准备身份证和其他必要材料后再办理开卡。
我想开启手机短信服务，需要准备什么?,请在'app'中提交申请，并根据页面指引进行实名认证和绑定银行卡,synthetic,synthetic,我想开启手机短信服务，需要准备什么? || 请在'app'中提交申请，并根据页面指引进行实名认证和绑定银行卡
我想开启短信服务，需要准备什么？,请在'XX银行App-我的-消息服务'页面提交申请，结果以系统显示为准；如需临时短信，请按页面指引申请并留意到期恢复。,synthetic,synthetic,我想开启短信服务，需要准备什么？ || 请在'XX银行App-我的-消息服务'页面提交申请，结果以系统显示为准；如需临时短信，请按页面指引申请并留意到期恢复。
我想开户，你们有哪些账户类型?,我们提供个人账户、企业账户和基金账户等多种类型的账户，您可以在‘银行官网-产品中心’或‘XX银行App-新手指南’页面查看详细信息,synthetic,synthetic,我想开户，你们有哪些账户类型? || 我们提供个人账户、企业账户和基金账户等多种类型的账户，您可以在‘银行官网-产品中心’或‘XX银行App-新手指南’页面查看详细信息
我想开设一份个人贷款账户，但是不清楚需要准备什么?,您可以在'XX银行App-贷款申请'页面提交申请，结果以系统显示为准；如需临时额度，请按页面指引申请并留意到期恢复。,synthetic,synthetic,我想开设一份个人贷款账户，但是不清楚需要准备什么? || 您可以在'XX银行App-贷款申请'页面提交申请，结果以系统显示为准；如需临时额度，请按页面指引申请并留意到期恢复。
我想开通信用卡的办理流程是?,您可以在'XX银行App-服务中心'页面查看相关服务，或者拨打955xx客服电话咨询信用卡开户流程。,synthetic,synthetic,我想开通信用卡的办理流程是? || 您可以在'XX银行App-服务中心'页面查看相关服务，或者拨打955xx客服电话咨询信用卡开户流程。
我想开通信用卡，但银行要求提供身份证和收入证明。,开卡申请受用卡记录与风险政策影响，具体详细资料需您本人携带相关文件到网点咨询或在线提交应用并按照系统提示信息来填写申请表。,synthetic,synthetic,我想开通信用卡，但银行要求提供身份证和收入证明。 || 开卡申请受用卡记录与风险政策影响，具体详细资料需您本人携带相关文件到网点咨询或在线提交应用并按照系统提示信息来填写申请表。
我想开通信用卡，需要准备什么?,请先申请并填写相关资料，系统会评估您的信用记录和风险政策。具体要求以银行官网或柜台公告为准。,synthetic,synthetic,我想开通信用卡，需要准备什么? || 请先申请并填写相关资料，系统会评估您的信用记录和风险政策。具体要求以银行官网或柜台公告为准。
我想开通网银服务?,请登录‘XX银行App’，进入‘账户管理’页面，点击‘网银绑定’按钮，完成相关操作即可,synthetic,synthetic,我想开通网银服务? || 请登录‘XX银行App’，进入‘账户管理’页面，点击‘网银绑定’按钮，完成相关操作即可
我想开通网银服务，但是网点附近好像有施工。会不会影响到我的网银服务？,施工可能会暂时影响到部分服务，请您尽量选择其他时间段，或者联系客户服务人员咨询详细情况。,synthetic,synthetic,我想开通网银服务，但是网点附近好像有施工。会不会影响到我的网银服务？ || 施工可能会暂时影响到部分服务，请您尽量选择其他时间段，或者联系客户服务人员咨询详细情况。
我想开通网银服务，需要准备什么?,请先注册个人银行卡账户，然后在'我的-账户管理-网银服务'页面提交申请；如线上不通过，请携带身份证原件至网点办理。,synthetic,synthetic,我想开通网银服务，需要准备什么? || 请先注册个人银行卡账户，然后在'我的-账户管理-网银服务'页面提交申请；如线上不通过，请携带身份证原件至网点办理。
我想开通网银服务，需要准备什么？,请先注册个人银行卡账户，然后在'我的-账户管理-网银服务'页面提交申请；如线上不通过，请携带身份证原件至网点办理。,synthetic,synthetic,我想开通网银服务，需要准备什么？ || 请先注册个人银行卡账户，然后在'我的-账户管理-网银服务'页面提交申请；如线上不通过，请携带身份证原件至网点办理。
我想开通网银服务？,请在 'XX银行App-账户管理' 页面提交申请，结果以系统显示为准；如需帮助，可直接致电客服热线咨询。,synthetic,synthetic,我想开通网银服务？ || 请在 'XX银行App-账户管理' 页面提交申请，结果以系统显示为准；如需帮助，可直接致电客服热线咨询。
我想开通网银认证，需要准备什么?,请在 'XX银行App-网银认证' 页面提交申请，结果以系统显示为准；如需临时认证，请按页面指引申请并留意到期恢复。,synthetic,synthetic,我想开通网银认证，需要准备什么? || 请在 'XX银行App-网银认证' 页面提交申请，结果以系统显示为准；如需临时认证，请按页面指引申请并留意到期恢复。
我想开通银行的信用卡服务,您可以在‘XX银行App-产品中心’页面浏览相关服务介绍，并提交申请，系统会根据您的信息进行审核和确认。审核通过后，您即可开通信用卡服务并领取物理卡片,synthetic,synthetic,我想开通银行的信用卡服务 || 您可以在‘XX银行App-产品中心’页面浏览相关服务介绍，并提交申请，系统会根据您的信息进行审核和确认。审核通过后，您即可开通信用卡服务并领取物理卡片
我想把美元换成人民币，但是没有余额，可以换吗?,"个人年度购汇额度受监管政策限制，剩余额度和用途要求请在""外汇-购汇""页面查看，如涉及留学/就医等专项用途，请准备对应材料，必要时联系人工咨询。",synthetic,synthetic,"我想把美元换成人民币，但是没有余额，可以换吗? || 个人年度购汇额度受监管政策限制，剩余额度和用途要求请在""外汇-购汇""页面查看，如涉及留学/就医等专项用途，请准备对应材料，必要时联系人工咨询。"
我想报一下银行的卡丢失情况？,"您可以通过XX银行App中的""我的-账户管理-卡片丢失""页面申请，或者直接致电热线955xx选择对应按键",synthetic,synthetic,"我想报一下银行的卡丢失情况？ || 您可以通过XX银行App中的""我的-账户管理-卡片丢失""页面申请，或者直接致电热线955xx选择对应按键"
我想换一张储蓄卡，需要准备什么？,请携带身份证原件至网点办理注销，并提前清空余额、取消代扣与绑订业务。,synthetic,synthetic,我想换一张储蓄卡，需要准备什么？ || 请携带身份证原件至网点办理注销，并提前清空余额、取消代扣与绑订业务。
我想换取人民币$,您可以在 '外汇-兑换' 页面查看兑换率和额度限制，具体以产品条款为准。,synthetic,synthetic,我想换取人民币$ || 您可以在 '外汇-兑换' 页面查看兑换率和额度限制，具体以产品条款为准。
我想换外汇，需要准备什么?,个人年度购汇额度受监管政策限制，请在‘外汇-购汇’页面查看剩余额度与用途要求；如涉及留学/就医等专项用途，请准备对应材料，必要时联系人工咨询。,synthetic,synthetic,我想换外汇，需要准备什么? || 个人年度购汇额度受监管政策限制，请在‘外汇-购汇’页面查看剩余额度与用途要求；如涉及留学/就医等专项用途，请准备对应材料，必要时联系人工咨询。
我想换美元成人民币，有没有额度限制？,个人年度购汇额度受监管政策限制，请在‘外汇-购汇’页面查看剩余额度与用途要求；如涉及留学/就医等专项用途，请准备对应材料，必要时联系人工咨询。,synthetic,synthetic,我想换美元成人民币，有没有额度限制？ || 个人年度购汇额度受监管政策限制，请在‘外汇-购汇’页面查看剩余额度与用途要求；如涉及留学/就医等专项用途，请准备对应材料，必要时联系人工咨询。
我想换美元，但有没有额度限制?,个人年度购汇额度受监管政策限制，请在‘外汇-购汇’页面查看剩余额度与用途要求；如涉及留学/就医等专项用途，请准备对应材料，必要时联系人工咨询。,synthetic,synthetic,我想换美元，但有没有额度限制? || 个人年度购汇额度受监管政策限制，请在‘外汇-购汇’页面查看剩余额度与用途要求；如涉及留学/就医等专项用途，请准备对应材料，必要时联系人工咨询。
我想换美元，能查一下剩余额度吗？,个人年度购汇额度受监管政策限制，请在‘外汇-购汇’页面查看剩余额度与用途要求；如涉及留学/就医等专项用途，请准备对应材料，必要时联系人工咨询。,synthetic,synthetic,我想换美元，能查一下剩余额度吗？ || 个人年度购汇额度受监管政策限制，请在‘外汇-购汇’页面查看剩余额度与用途要求；如涉及留学/就医等专项用途，请准备对应材料，必要时联系人工咨询。
我想提现到微信支付宝，需要准备什么？,请在'XX银行App-提现管理'页面提交申请，结果以系统显示为准；如需临时提现，请按页面指引申请并留意到期恢复。,synthetic,synthetic,我想提现到微信支付宝，需要准备什么？ || 请在'XX银行App-提现管理'页面提交申请，结果以系统显示为准；如需临时提现，请按页面指引申请并留意到期恢复。
我想提醒银行一下卡片过期了？,您可以在 XX 银行 App 中的 '我的 - 卡片管理' 页面更换有效期或联系人工客服,synthetic,synthetic,我想提醒银行一下卡片过期了？ || 您可以在 XX 银行 App 中的 '我的 - 卡片管理' 页面更换有效期或联系人工客服
我想提问一下，银行卡的安全性怎么样？,我们银行严格遵守各项安全规定，确保您的银行卡信息和资金安全。如有任何疑虑，请联系我们的客服人员，我们会竭诚为您服务。,synthetic,synthetic,我想提问一下，银行卡的安全性怎么样？ || 我们银行严格遵守各项安全规定，确保您的银行卡信息和资金安全。如有任何疑虑，请联系我们的客服人员，我们会竭诚为您服务。
我想更换我的身份证复印件?,请携带相关材料到网点办理，更改后将自动同步至系统。,synthetic,synthetic,我想更换我的身份证复印件? || 请携带相关材料到网点办理，更改后将自动同步至系统。
我想更改我的联系方式，但不知道如何操作？,请在‘我的-账户管理-基本信息修改’页面提交申请，系统会指导您一步步完成修改。如线上不通过，请携带身份证原件至网点办理。,synthetic,synthetic,我想更改我的联系方式，但不知道如何操作？ || 请在‘我的-账户管理-基本信息修改’页面提交申请，系统会指导您一步步完成修改。如线上不通过，请携带身份证原件至网点办理。
我想查一下我的信用卡余额,"请在 App ""我的-账户管理"" 中查询您的当前信用卡余额；如需电话服务，欢迎拨打客服热线 955xx。",synthetic,synthetic,"我想查一下我的信用卡余额 || 请在 App ""我的-账户管理"" 中查询您的当前信用卡余额；如需电话服务，欢迎拨打客服热线 955xx。"
我想查一下我的账户余额?,请在 '我的-账户管理' 页面查看您的当前账户余额，结果以系统显示为准。,synthetic,synthetic,我想查一下我的账户余额? || 请在 '我的-账户管理' 页面查看您的当前账户余额，结果以系统显示为准。
我想查一下我的账户余额？,您可以在我们的app中选择‘我的’功能，查看您的账户余额和历史记录。如需疑问，请联系人工客服。,synthetic,synthetic,我想查一下我的账户余额？ || 您可以在我们的app中选择‘我的’功能，查看您的账户余额和历史记录。如需疑问，请联系人工客服。
我想查一下我的银行卡的额度限制?,个人年度购汇额度受监管政策限制，请在“外汇-购汇”页面查看剩余额度与用途要求；如涉及留学/就医等专项用途，请准备对应材料，必要时联系人工咨询。,synthetic,synthetic,我想查一下我的银行卡的额度限制? || 个人年度购汇额度受监管政策限制，请在“外汇-购汇”页面查看剩余额度与用途要求；如涉及留学/就医等专项用途，请准备对应材料，必要时联系人工咨询。
我想查一下最近一年的账单,为保护您的隐私，我们无法直接查看您的账务。请在‘XX银行App-账单/明细’按月份查询，或导出对账单；如需发票/凭证，可在明细页申请。,synthetic,synthetic,我想查一下最近一年的账单 || 为保护您的隐私，我们无法直接查看您的账务。请在‘XX银行App-账单/明细’按月份查询，或导出对账单；如需发票/凭证，可在明细页申请。
我想查看我的个人银行卡账户信息.,您可以在'XX银行App-账户管理'页面查阅您的账户信息，或拨打955xx客服电话咨询。,synthetic,synthetic,我想查看我的个人银行卡账户信息. || 您可以在'XX银行App-账户管理'页面查阅您的账户信息，或拨打955xx客服电话咨询。
我想查看我的信用卡额度?,请在‘信用卡-额度管理’页面提交申请，结果以系统显示为准；如需临时额度，请按页面指引申请并留意到期恢复。,synthetic,synthetic,我想查看我的信用卡额度? || 请在‘信用卡-额度管理’页面提交申请，结果以系统显示为准；如需临时额度，请按页面指引申请并留意到期恢复。
我想查看我的卡片余额，需要哪些材料?,"您可以在""XX银行App-账户管理-余额查询""页面查看您的卡片余额；如有问题，请联系人工协助处理。",synthetic,synthetic,"我想查看我的卡片余额，需要哪些材料? || 您可以在""XX银行App-账户管理-余额查询""页面查看您的卡片余额；如有问题，请联系人工协助处理。"
我想查询一下我的账户余额是多少?,您可以在'XX银行App-账户管理'页面查看您的账户信息，具体包括您的账户余额、可用金额等。,synthetic,synthetic,我想查询一下我的账户余额是多少? || 您可以在'XX银行App-账户管理'页面查看您的账户信息，具体包括您的账户余额、可用金额等。
我想查询一下我的银行卡的余额.,"您可以在 App 中""账户管理""中查看您的当前余额，或者联系我们的客服人员，我们会帮助您查詢。",synthetic,synthetic,"我想查询一下我的银行卡的余额. || 您可以在 App 中""账户管理""中查看您的当前余额，或者联系我们的客服人员，我们会帮助您查詢。"
我想查询一下我的银行卡的消费明细.,您可以在'XX银行App-账户管理'页面查看您的当前消费明细，或拨打955xx热线咨询.,synthetic,synthetic,我想查询一下我的银行卡的消费明细. || 您可以在'XX银行App-账户管理'页面查看您的当前消费明细，或拨打955xx热线咨询.
我想查询我的信用卡的积分,您可以在‘信用卡-积分管理’页面查看您的当前积分，或前往网点咨询。,synthetic,synthetic,我想查询我的信用卡的积分 || 您可以在‘信用卡-积分管理’页面查看您的当前积分，或前往网点咨询。
我想查询我的存款利率是什么？,存款利率可能随时点政策与产品而变动，请以网点公告或 App‘存款-产品详情-利率说明’为准。若需大额存单或专项产品，请咨询人工了解当前政策。,synthetic,synthetic,我想查询我的存款利率是什么？ || 存款利率可能随时点政策与产品而变动，请以网点公告或 App‘存款-产品详情-利率说明’为准。若需大额存单或专项产品，请咨询人工了解当前政策。
我想查询我的账单记录，但如何查询呢?,您可以在‘XX银行App-账户管理’页面查看您的当前绑定信息，或拨打955xx热线咨询，工作人员会协助处理相关事项,synthetic,synthetic,我想查询我的账单记录，但如何查询呢? || 您可以在‘XX银行App-账户管理’页面查看您的当前绑定信息，或拨打955xx热线咨询，工作人员会协助处理相关事项
我想查询我的账户余额.,您可以在 'XX银行App-账户管理' 页面查看您的当前余额，或拨打 955xx 热线咨询。,synthetic,synthetic,我想查询我的账户余额. || 您可以在 'XX银行App-账户管理' 页面查看您的当前余额，或拨打 955xx 热线咨询。
我想查询我的账户余额?,您可以在XX银行App-账单/明细页面中按月份查询您的账务，或者通过导出对账单进行查看。如需发票/凭证，请在明细页申请,synthetic,synthetic,我想查询我的账户余额? || 您可以在XX银行App-账单/明细页面中按月份查询您的账务，或者通过导出对账单进行查看。如需发票/凭证，请在明细页申请
我想查询我的账户密码?,请先进入 'XX银行App-安全中心' 页面，点击 '忘记密码' 按钮，并按照系统指引完成重置流程。,synthetic,synthetic,我想查询我的账户密码? || 请先进入 'XX银行App-安全中心' 页面，点击 '忘记密码' 按钮，并按照系统指引完成重置流程。
我想查询我的银行卡余额?,您可以在'XX银行App-账户管理-账户信息'页面查看您的银行卡余额，结果以系统显示为准。,synthetic,synthetic,我想查询我的银行卡余额? || 您可以在'XX银行App-账户管理-账户信息'页面查看您的银行卡余额，结果以系统显示为准。
我想查询我的银行卡的余额是多少？,请在'账户管理-账户明细'页面查看您的当前余额，或拨打955xx热线咨询。,synthetic,synthetic,我想查询我的银行卡的余额是多少？ || 请在'账户管理-账户明细'页面查看您的当前余额，或拨打955xx热线咨询。
我想查询我的银行账户余额?,您可以在'XX银行App-账户管理'页面查看当前余额，或者拨打955xx客服电话咨询。,synthetic,synthetic,我想查询我的银行账户余额? || 您可以在'XX银行App-账户管理'页面查看当前余额，或者拨打955xx客服电话咨询。
我想申请信用卡需要准备什么?,请先查看是否符合申请条件，然后在'我的-账户管理-信用卡申请'页面提交申请，结果以系统显示为准；如需临时额度，请按页面指引申请并留意到期恢复。,synthetic,synthetic,我想申请信用卡需要准备什么? || 请先查看是否符合申请条件，然后在'我的-账户管理-信用卡申请'页面提交申请，结果以系统显示为准；如需临时额度，请按页面指引申请并留意到期恢复。
我想申请信用卡额度升级，需要准备什么？,请在'XX银行App-额度管理'页面提交申请，结果以系统显示为准；如需临时额度，请按页面指引申请并留意到期恢复。,synthetic,synthetic,我想申请信用卡额度升级，需要准备什么？ || 请在'XX银行App-额度管理'页面提交申请，结果以系统显示为准；如需临时额度，请按页面指引申请并留意到期恢复。
我想申请信用卡额度提升？,请在 'XX银行App-额度管理' 页面提交申请，结果以系统显示为准；如需临时额度，请按页面指引申请并留意到期恢复。,synthetic,synthetic,我想申请信用卡额度提升？ || 请在 'XX银行App-额度管理' 页面提交申请，结果以系统显示为准；如需临时额度，请按页面指引申请并留意到期恢复。
我想申请信用卡额度提高，但担心影响我的信誉分数?,您的信誉分数会根据您的使用习惯和还款记录进行调整，不需要担心额度提高会直接影响您的信誉分数。请在'信用卡-额度管理'页面提交申请，系统会评估并给出建议。,synthetic,synthetic,我想申请信用卡额度提高，但担心影响我的信誉分数? || 您的信誉分数会根据您的使用习惯和还款记录进行调整，不需要担心额度提高会直接影响您的信誉分数。请在'信用卡-额度管理'页面提交申请，系统会评估并给出建议。
我想申请信用卡额度调整，但不知道怎么做？,请在‘信用卡-额度管理’页面提交申请，结果以系统显示为准；如需临时额度，请按页面指引申请并留意到期恢复。,synthetic,synthetic,我想申请信用卡额度调整，但不知道怎么做？ || 请在‘信用卡-额度管理’页面提交申请，结果以系统显示为准；如需临时额度，请按页面指引申请并留意到期恢复。
我想申请信用卡，需要准备什么?,请在 '信用卡-额度管理' 页面提交申请，结果以系统显示为准。,synthetic,synthetic,我想申请信用卡，需要准备什么? || 请在 '信用卡-额度管理' 页面提交申请，结果以系统显示为准。
我想申请储蓄卡，需要准备什么?,请先准备身份证和联系方式信息，在'XX银行App-开户管理'页面提交申请，结果以系统显示为准。,synthetic,synthetic,我想申请储蓄卡，需要准备什么? || 请先准备身份证和联系方式信息，在'XX银行App-开户管理'页面提交申请，结果以系统显示为准。
我想申请开通银行网银,请在 'XX银行App-服务管理' 页面进行申请，并提交相关材料后，系统将自动审核。具体详请查看帮助中心文档或与客服人员联系。,synthetic,synthetic,我想申请开通银行网银 || 请在 'XX银行App-服务管理' 页面进行申请，并提交相关材料后，系统将自动审核。具体详请查看帮助中心文档或与客服人员联系。
我想申请手机银行服务需要准备什么?,请在'XX银行App-服务管理'页面提交申请，结果以系统显示为准；如需临时卡，按页面指引申请并留意到期恢复。,synthetic,synthetic,我想申请手机银行服务需要准备什么? || 请在'XX银行App-服务管理'页面提交申请，结果以系统显示为准；如需临时卡，按页面指引申请并留意到期恢复。
我想申请职员卡的还款额度，需要准备什么?,请在'XX银行App-额度管理'页面提交申请，结果以系统显示为准；如需临时额度，请按页面指引申请并留意到期恢复。,synthetic,synthetic,我想申请职员卡的还款额度，需要准备什么? || 请在'XX银行App-额度管理'页面提交申请，结果以系统显示为准；如需临时额度，请按页面指引申请并留意到期恢复。
我想申请贷款但是银行没有给我任何信息,您可以在'我的- 贷款申请'页面查看是否符合条件，并联系人工客服了解详细流程,synthetic,synthetic,我想申请贷款但是银行没有给我任何信息 || 您可以在'我的- 贷款申请'页面查看是否符合条件，并联系人工客服了解详细流程
我想申请退还信用卡消费金额,您可以在'XX银行App-额度管理'页面提交申请，结果以系统显示为准；如需临时额度，请按页面指引申请并留意到期恢复。,synthetic,synthetic,我想申请退还信用卡消费金额 || 您可以在'XX银行App-额度管理'页面提交申请，结果以系统显示为准；如需临时额度，请按页面指引申请并留意到期恢复。
我想知道为什么我的账户被冻结,您的账户可能因非正常交易或身份验证失败而被暂停使用。请在‘XX银行App-安全中心’查看原因并按照提示进行解锁；如仍未能成功，请联系人工客服协助处理,synthetic,synthetic,我想知道为什么我的账户被冻结 || 您的账户可能因非正常交易或身份验证失败而被暂停使用。请在‘XX银行App-安全中心’查看原因并按照提示进行解锁；如仍未能成功，请联系人工客服协助处理
我想知道什么时候可以提现我的积分?,提现时间根据系统处理规则决定，具体请参考我们网站或app中的说明。如果您需要帮助，可以联系我们的客服人员。,synthetic,synthetic,我想知道什么时候可以提现我的积分? || 提现时间根据系统处理规则决定，具体请参考我们网站或app中的说明。如果您需要帮助，可以联系我们的客服人员。
我想知道什么是银行卡的额度管理规则?,您可以在 'XX银行App-账户管理' 页面查看当前额度，或者通过电话热线 955xx 咨询工作人员，具体调整流程以系统显示为准。,synthetic,synthetic,我想知道什么是银行卡的额度管理规则? || 您可以在 'XX银行App-账户管理' 页面查看当前额度，或者通过电话热线 955xx 咨询工作人员，具体调整流程以系统显示为准。
我想知道什么是银行卡的额度限制?,个人年度购汇额度受监管政策限制，请在‘外汇-购汇’页面查看剩余额度与用途要求；如涉及留学/就医等专项用途，请准备对应材料，必要时联系人工咨询。,synthetic,synthetic,我想知道什么是银行卡的额度限制? || 个人年度购汇额度受监管政策限制，请在‘外汇-购汇’页面查看剩余额度与用途要求；如涉及留学/就医等专项用途，请准备对应材料，必要时联系人工咨询。
我想知道信用卡的积分兑换规则是多少?,您可以在'XX银行App-产品详情-积分兑换'页面查看相关信息，或拨打955xx热线咨询。,synthetic,synthetic,我想知道信用卡的积分兑换规则是多少? || 您可以在'XX银行App-产品详情-积分兑换'页面查看相关信息，或拨打955xx热线咨询。
我想知道信用卡的额度调整流程?,请在 'XX银行App-额度管理' 页面提交申请，结果以系统显示为准；如需临时额度，请按页面指引申请并留意到期恢复。,synthetic,synthetic,我想知道信用卡的额度调整流程? || 请在 'XX银行App-额度管理' 页面提交申请，结果以系统显示为准；如需临时额度，请按页面指引申请并留意到期恢复。
我想知道信用卡积分兑换规则？,请在 XX 银行 App 的 '积分中心' 页面查看兑换规则，或拨打 955xx 热线咨询,synthetic,synthetic,我想知道信用卡积分兑换规则？ || 请在 XX 银行 App 的 '积分中心' 页面查看兑换规则，或拨打 955xx 热线咨询
我想知道信用卡积分可以兑换成现金么?,您可在 'XX银行App-权益与红利' 页面查看当前兑换活动，输入您的账号和密码后即可登录；具体金额以产品条款为准。,synthetic,synthetic,我想知道信用卡积分可以兑换成现金么? || 您可在 'XX银行App-权益与红利' 页面查看当前兑换活动，输入您的账号和密码后即可登录；具体金额以产品条款为准。
我想知道储蓄卡有哪些额度?,"个人年度购汇额度受监管政策限制，请在""XX银行App-购汇管理""页面查看剩余额度与用途要求；如涉及留学/就医等专项用途，请准备对应材料，必要时联系人工咨询。",synthetic,synthetic,"我想知道储蓄卡有哪些额度? || 个人年度购汇额度受监管政策限制，请在""XX银行App-购汇管理""页面查看剩余额度与用途要求；如涉及留学/就医等专项用途，请准备对应材料，必要时联系人工咨询。"
我想知道如何使用银行自助服务?,您可以在 'XX银行App' 中找到相关功能，包括账户查询、转账、付款等。如需帮助，请联系客服热线或前往网点咨询。,synthetic,synthetic,我想知道如何使用银行自助服务? || 您可以在 'XX银行App' 中找到相关功能，包括账户查询、转账、付款等。如需帮助，请联系客服热线或前往网点咨询。
我想知道如何在线开通网银服务?,请先注册个人银行卡账户，然后在'我的-账户管理-网银服务'页面提交申请；如线上不通过，请携带身份证原件至网点办理。,synthetic,synthetic,我想知道如何在线开通网银服务? || 请先注册个人银行卡账户，然后在'我的-账户管理-网银服务'页面提交申请；如线上不通过，请携带身份证原件至网点办理。
我想知道如何联系人工客服?,请在 App 底部‘客服中心’输入‘人工客服’或拨打 955xx，工作时间 9:00-18:00 接入更快；如遇挂失/盗刷等紧急事项，请直接致电热线选择对应按键。,synthetic,synthetic,我想知道如何联系人工客服? || 请在 App 底部‘客服中心’输入‘人工客服’或拨打 955xx，工作时间 9:00-18:00 接入更快；如遇挂失/盗刷等紧急事项，请直接致电热线选择对应按键。
我想知道如何解决转账失败的问题？,部分异常会触发风控复核或退汇，请在‘转账记录’查看状态；如 24 小时内未入账或退回，请联系人工协查。,synthetic,synthetic,我想知道如何解决转账失败的问题？ || 部分异常会触发风控复核或退汇，请在‘转账记录’查看状态；如 24 小时内未入账或退回，请联系人工协查。
我想知道如何转账到我的银行卡中?,您可以在我们的app中选择‘转账’功能，并输入对方的银行账号、金额以及其他必要信息，进行确认后即可完成转账。,synthetic,synthetic,我想知道如何转账到我的银行卡中? || 您可以在我们的app中选择‘转账’功能，并输入对方的银行账号、金额以及其他必要信息，进行确认后即可完成转账。
我想知道如何转账到朋友的银行卡，但App提示人脸识别失败，怎么解决？,请在光线充足环境下正对摄像头，清除摄像头污渍并关闭强美颜/滤镜后重试；仍失败可在 '我的-安全中心-人工核验' 提交资料，或携带身份证至网点协助处理。,synthetic,synthetic,我想知道如何转账到朋友的银行卡，但App提示人脸识别失败，怎么解决？ || 请在光线充足环境下正对摄像头，清除摄像头污渍并关闭强美颜/滤镜后重试；仍失败可在 '我的-安全中心-人工核验' 提交资料，或携带身份证至网点协助处理。
我想知道如何通过手机银行app查看我的存款账户?,您可以在‘XX银行App-存款’页面中查看您的存款账户，输入您的账号和密码后即可登录。,synthetic,synthetic,我想知道如何通过手机银行app查看我的存款账户? || 您可以在‘XX银行App-存款’页面中查看您的存款账户，输入您的账号和密码后即可登录。
我想知道存款利率有哪些?,存款利率可能随时点政策与产品而变动，请以网点公告或 App“存款-产品详情-利率说明”为准。若需大额存单或专项产品，请咨询人工了解当前政策。,synthetic,synthetic,我想知道存款利率有哪些? || 存款利率可能随时点政策与产品而变动，请以网点公告或 App“存款-产品详情-利率说明”为准。若需大额存单或专项产品，请咨询人工了解当前政策。
我想知道我的信用卡的余额是多少?,您可以在 'XX银行App-账户管理' 页面查看您的当前余额，或者通过电话热线 955xx 咨询工作人员,synthetic,synthetic,我想知道我的信用卡的余额是多少? || 您可以在 'XX银行App-账户管理' 页面查看您的当前余额，或者通过电话热线 955xx 咨询工作人员
我想知道我的信用卡积分余额?,您可以在 'XX银行App-账户管理' 页面查看当前积分余额，或者通过电话热线 955xx 咨询工作人员,synthetic,synthetic,我想知道我的信用卡积分余额? || 您可以在 'XX银行App-账户管理' 页面查看当前积分余额，或者通过电话热线 955xx 咨询工作人员
我想知道我的信用卡积分能兑换成什么?,您可以在 'XX银行App-产品详情-积分兑换' 页面查看相关信息，或拨打955xx热线咨询。,synthetic,synthetic,我想知道我的信用卡积分能兑换成什么? || 您可以在 'XX银行App-产品详情-积分兑换' 页面查看相关信息，或拨打955xx热线咨询。
我想知道我的信用卡账户余额？,您可以在 XX银行App-账户管理 页面查看当前余额，或者通过电话热线 955xx 咨询工作人员,synthetic,synthetic,我想知道我的信用卡账户余额？ || 您可以在 XX银行App-账户管理 页面查看当前余额，或者通过电话热线 955xx 咨询工作人员
我想知道我的信用卡还剩余多少额度?,您可以在'信用卡-额度管理'页面查看当前额度与可用额度；如需临时额度，请按页面指引申请并留意到期恢复。,synthetic,synthetic,我想知道我的信用卡还剩余多少额度? || 您可以在'信用卡-额度管理'页面查看当前额度与可用额度；如需临时额度，请按页面指引申请并留意到期恢复。
我想知道我的信用卡额度剩余多少？,您可在‘信用卡-额度管理’页面查看当前额度与用途要求；如有疑问，请联系人工咨询。,synthetic,synthetic,我想知道我的信用卡额度剩余多少？ || 您可在‘信用卡-额度管理’页面查看当前额度与用途要求；如有疑问，请联系人工咨询。
我想知道我的信用卡额度是否已经提升?,请在 '信用卡-额度管理' 页面查看最新的额度，结果以系统显示为准；如需临时额度，请按页面指引申请并留意到期恢复。,synthetic,synthetic,我想知道我的信用卡额度是否已经提升? || 请在 '信用卡-额度管理' 页面查看最新的额度，结果以系统显示为准；如需临时额度，请按页面指引申请并留意到期恢复。
我想知道我的信用卡额度是多少?,请在 '信用卡-额度管理' 页面查看当前额度，结果以系统显示为准。,synthetic,synthetic,我想知道我的信用卡额度是多少? || 请在 '信用卡-额度管理' 页面查看当前额度，结果以系统显示为准。
我想知道我的信用卡额度是多少？,您可以在 'XX银行App-账户管理' 页面查看当前额度，或者通过电话热线 955xx 咨询工作人员,synthetic,synthetic,我想知道我的信用卡额度是多少？ || 您可以在 'XX银行App-账户管理' 页面查看当前额度，或者通过电话热线 955xx 咨询工作人员
我想知道我的信用卡额度有多少?,您可以在‘XX银行App-额度管理’页面查看当前额度，或联系人工客服咨询,synthetic,synthetic,我想知道我的信用卡额度有多少? || 您可以在‘XX银行App-额度管理’页面查看当前额度，或联系人工客服咨询
我想知道我的信用卡额度有多少？,您可以在‘信用卡-额度管理’页面中查询或提交申请，以便系统评估，结果以系统显示为准。,synthetic,synthetic,我想知道我的信用卡额度有多少？ || 您可以在‘信用卡-额度管理’页面中查询或提交申请，以便系统评估，结果以系统显示为准。
我想知道我的信用卡额度有多高？,您可以在 '信用卡-额度管理' 页面中查看您的当前额度以及历史记录。,synthetic,synthetic,我想知道我的信用卡额度有多高？ || 您可以在 '信用卡-额度管理' 页面中查看您的当前额度以及历史记录。
我想知道我的信用卡额度的最高限额?,您可以在'信用卡-额度管理'页面查看您的当前额度，系统会根据您的使用习惯和还款记录进行调整。如果您需要提高额度，请提交申请，由系统评估并给出建议。,synthetic,synthetic,我想知道我的信用卡额度的最高限额? || 您可以在'信用卡-额度管理'页面查看您的当前额度，系统会根据您的使用习惯和还款记录进行调整。如果您需要提高额度，请提交申请，由系统评估并给出建议。
我想知道我的储蓄利率是多少？,储蓄利率可能随时点政策与产品而变动，请以网点公告或 App‘储蓄-产品详情-利率说明’为准。若需大额存单或专项产品，请咨询人工了解当前政策。,synthetic,synthetic,我想知道我的储蓄利率是多少？ || 储蓄利率可能随时点政策与产品而变动，请以网点公告或 App‘储蓄-产品详情-利率说明’为准。若需大额存单或专项产品，请咨询人工了解当前政策。
我想知道我的卡上个月消费多少?,为保护隐私，我们无法直接查看您的账务。请在‘XX银行App-账单/明细’按月份查询，或导出对账单；如需发票/凭证，可在明细页申请。,synthetic,synthetic,我想知道我的卡上个月消费多少? || 为保护隐私，我们无法直接查看您的账务。请在‘XX银行App-账单/明细’按月份查询，或导出对账单；如需发票/凭证，可在明细页申请。
我想知道我的卡上什么时候有消费记录？,为保护您的隐私，我们不会查看您的具体消费明细。请在 ‘XX银行App-账单/明细’自行查询，或导出对账单；如需发票或凭证，请在明细页申请。,synthetic,synthetic,我想知道我的卡上什么时候有消费记录？ || 为保护您的隐私，我们不会查看您的具体消费明细。请在 ‘XX银行App-账单/明细’自行查询，或导出对账单；如需发票或凭证，请在明细页申请。
我想知道我的卡上有多少积分?,您可以在‘我的-积分管理’页面查看您的积分余额和历史记录。如需兑换或提问，请联系人工客服。,synthetic,synthetic,我想知道我的卡上有多少积分? || 您可以在‘我的-积分管理’页面查看您的积分余额和历史记录。如需兑换或提问，请联系人工客服。
我想知道我的卡上有多少钱,"为保护隐私，我们无法直接查看您的账务。请在""XX银行App-账单/明细""按月份查询，或导出对账单；如需发票/凭证，可在明细页申请。",synthetic,synthetic,"我想知道我的卡上有多少钱 || 为保护隐私，我们无法直接查看您的账务。请在""XX银行App-账单/明细""按月份查询，或导出对账单；如需发票/凭证，可在明细页申请。"
我想知道我的卡账户余额是多少?,您可以在'XX银行App-账户管理'页面查阅您的账户信息，或拨打955xx客服电话咨询。,synthetic,synthetic,我想知道我的卡账户余额是多少? || 您可以在'XX银行App-账户管理'页面查阅您的账户信息，或拨打955xx客服电话咨询。
我想知道我的卡账户的剩余额度是多少?,您可以通过登录XXX银行app或网点询问客服来查询您的卡账户剩余额度。,synthetic,synthetic,我想知道我的卡账户的剩余额度是多少? || 您可以通过登录XXX银行app或网点询问客服来查询您的卡账户剩余额度。
我想知道我的存款利率是多少?,请在网点公告或 App '存款-产品详情-利率说明' 页面查看当前存款利率。,synthetic,synthetic,我想知道我的存款利率是多少? || 请在网点公告或 App '存款-产品详情-利率说明' 页面查看当前存款利率。
我想知道我的存款利率是多少？,您可以在 'XX银行App-产品详情' 页面查看当前存款利率，或通过电话热线 955xx 咨询工作人员,synthetic,synthetic,我想知道我的存款利率是多少？ || 您可以在 'XX银行App-产品详情' 页面查看当前存款利率，或通过电话热线 955xx 咨询工作人员
我想知道我的存款利率有多少？,存款利率可能随时点政策与产品而变动，请以网点公告或 App‘存款-产品详情-利率说明’为准。若需大额存单或专项产品，请咨询人工了解当前政策。,synthetic,synthetic,我想知道我的存款利率有多少？ || 存款利率可能随时点政策与产品而变动，请以网点公告或 App‘存款-产品详情-利率说明’为准。若需大额存单或专项产品，请咨询人工了解当前政策。
我想知道我的账户余额?,您可以在 'XX银行App-账户管理' 页面查看当前账户余额，或者通过电话热线 955xx 咨询工作人员,synthetic,synthetic,我想知道我的账户余额? || 您可以在 'XX银行App-账户管理' 页面查看当前账户余额，或者通过电话热线 955xx 咨询工作人员
我想知道我的账户余额如何查询?,您可以在我们的app中选择‘我的’功能，查看您的账户余额和历史记录。如需疑问，请联系人工客服。,synthetic,synthetic,我想知道我的账户余额如何查询? || 您可以在我们的app中选择‘我的’功能，查看您的账户余额和历史记录。如需疑问，请联系人工客服。
我想知道我的账户余额是多少?,请在 'XX银行App-账单/明细' 页面按月份查询，或导出对账单；如需发票/凭证，可在明细页申请。,synthetic,synthetic,我想知道我的账户余额是多少? || 请在 'XX银行App-账单/明细' 页面按月份查询，或导出对账单；如需发票/凭证，可在明细页申请。
我想知道我的账户余额是多少？,请在 'XX银行App-账单/明细' 页面按月份查询，或导出对账单；如需发票/凭证，可在明细页申请。,synthetic,synthetic,我想知道我的账户余额是多少？ || 请在 'XX银行App-账单/明细' 页面按月份查询，或导出对账单；如需发票/凭证，可在明细页申请。
我想知道我的账户有没有被冻结?,您的账户可能因非正常交易或身份验证失败而被暂停使用。请在‘XX银行App-安全中心’查看原因并按照提示进行解锁；如仍未能成功，请联系人工客服协助处理,synthetic,synthetic,我想知道我的账户有没有被冻结? || 您的账户可能因非正常交易或身份验证失败而被暂停使用。请在‘XX银行App-安全中心’查看原因并按照提示进行解锁；如仍未能成功，请联系人工客服协助处理
我想知道我的贷款余额是多少?,您可以在 '贷款-账户明细' 页面查看您的当前余额，或拨打 955xx 热线咨询。,synthetic,synthetic,我想知道我的贷款余额是多少? || 您可以在 '贷款-账户明细' 页面查看您的当前余额，或拨打 955xx 热线咨询。
我想知道我的贷款利率是多少？,贷款利率可能随时点政策与产品而变动，请以网点公告或 App '贷款-产品详情-利率说明' 为准。若需大额贷款或专项产品，请咨询人工了解当前政策。,synthetic,synthetic,我想知道我的贷款利率是多少？ || 贷款利率可能随时点政策与产品而变动，请以网点公告或 App '贷款-产品详情-利率说明' 为准。若需大额贷款或专项产品，请咨询人工了解当前政策。
我想知道我的银行卡上个月消费金额是多少?,为保护您的隐私，我们无法直接查看您的账务。请在‘XX银行App-账单/明细’按月份查询，或导出对账单；如需发票/凭证，可在明细页申请。,synthetic,synthetic,我想知道我的银行卡上个月消费金额是多少? || 为保护您的隐私，我们无法直接查看您的账务。请在‘XX银行App-账单/明细’按月份查询，或导出对账单；如需发票/凭证，可在明细页申请。
我想知道我的银行卡上个月的消费金额?,"为保护您的隐私，我们无法直接查看您的账务。请在""XX银行App-账单/明细""按月份查询，或导出对账单；如需发票/凭证，可在明细页申请。",synthetic,synthetic,"我想知道我的银行卡上个月的消费金额? || 为保护您的隐私，我们无法直接查看您的账务。请在""XX银行App-账单/明细""按月份查询，或导出对账单；如需发票/凭证，可在明细页申请。"
我想知道我的银行卡余额?,您可以在'XX银行App-账单/明细'中查询您的当前余额，或者通过电话与客服核实。,synthetic,synthetic,我想知道我的银行卡余额? || 您可以在'XX银行App-账单/明细'中查询您的当前余额，或者通过电话与客服核实。
我想知道我的银行卡余额多少?,为保护您的隐私，我们无法直接查看您的账务。请在‘XX银行App-账单/明细’按月份查询，或导出对账单；如需发票/凭证，可在明细页申请。,synthetic,synthetic,我想知道我的银行卡余额多少? || 为保护您的隐私，我们无法直接查看您的账务。请在‘XX银行App-账单/明细’按月份查询，或导出对账单；如需发票/凭证，可在明细页申请。
我想知道我的银行卡余额是多少?,您可以在'账户管理-账户明细'页面查看您的当前余额，或拨打955xx热线咨询。,synthetic,synthetic,我想知道我的银行卡余额是多少? || 您可以在'账户管理-账户明细'页面查看您的当前余额，或拨打955xx热线咨询。
我想知道我的银行卡余额是多少？,请在 'XX银行App-账户管理' 页面查看当前余额，或者通过电话热线 955xx 咨询工作人员,synthetic,synthetic,我想知道我的银行卡余额是多少？ || 请在 'XX银行App-账户管理' 页面查看当前余额，或者通过电话热线 955xx 咨询工作人员
我想知道我的银行卡可以开通信用卡吗?,您可以在 'XX银行App-账户管理' 页面查看当前额度与风险评估结果，或者通过电话热线 955xx 咨询工作人员,synthetic,synthetic,我想知道我的银行卡可以开通信用卡吗? || 您可以在 'XX银行App-账户管理' 页面查看当前额度与风险评估结果，或者通过电话热线 955xx 咨询工作人员
我想知道我的银行卡可以用多少金额?,您可在'XX银行App-账户管理'页面查看当前可用额度，或者拨打955xx客服电话咨询。,synthetic,synthetic,我想知道我的银行卡可以用多少金额? || 您可在'XX银行App-账户管理'页面查看当前可用额度，或者拨打955xx客服电话咨询。
我想知道我的银行卡可以绑定多少个信用卡?,每张银行卡限绑 5 张信用卡，每次转入一张会覆盖原有绑定。请在 '我的-账户管理' 页面查看您的当前绑定信息，结果以系统显示为准。,synthetic,synthetic,我想知道我的银行卡可以绑定多少个信用卡? || 每张银行卡限绑 5 张信用卡，每次转入一张会覆盖原有绑定。请在 '我的-账户管理' 页面查看您的当前绑定信息，结果以系统显示为准。
我想知道我的银行卡可用额度?,您可以在'XX银行App-账户管理'页面查看当前可用额度，或者拨打955xx客服电话咨询。,synthetic,synthetic,我想知道我的银行卡可用额度? || 您可以在'XX银行App-账户管理'页面查看当前可用额度，或者拨打955xx客服电话咨询。
我想知道我的银行卡可用额度和信用卡余额?,您可以在'XX银行App-账户管理'页面查看当前可用额度和信用卡余额，或拨打955xx客服电话咨询。,synthetic,synthetic,我想知道我的银行卡可用额度和信用卡余额? || 您可以在'XX银行App-账户管理'页面查看当前可用额度和信用卡余额，或拨打955xx客服电话咨询。
我想知道我的银行卡可用额度和信用卡余额？,您可以在'XX银行App-账户管理'页面查看当前可用额度和信用卡余额，或拨打955xx客服电话咨询。,synthetic,synthetic,我想知道我的银行卡可用额度和信用卡余额？ || 您可以在'XX银行App-账户管理'页面查看当前可用额度和信用卡余额，或拨打955xx客服电话咨询。
我想知道我的银行卡号是什么?,请在 '我的-账户管理' 页面查看当前银行卡号，结果以系统显示为准。,synthetic,synthetic,我想知道我的银行卡号是什么? || 请在 '我的-账户管理' 页面查看当前银行卡号，结果以系统显示为准。
我想知道我的银行卡在哪里?,您可以在'XX银行App-账户管理'页面查看您的银行卡信息；如需查询具体地址，请联系人工协助处理。,synthetic,synthetic,我想知道我的银行卡在哪里? || 您可以在'XX银行App-账户管理'页面查看您的银行卡信息；如需查询具体地址，请联系人工协助处理。
我想知道我的银行卡在过去的三个月内的消费记录?,您可以登录银行app或网站，进入账单/明细页面查阅您的历史账务，按月份查询，或导出对账单。如需发票/凭证，可在明细页申请。,synthetic,synthetic,我想知道我的银行卡在过去的三个月内的消费记录? || 您可以登录银行app或网站，进入账单/明细页面查阅您的历史账务，按月份查询，或导出对账单。如需发票/凭证，可在明细页申请。
我想知道我的银行卡是否可以用于海外购汇?,请在 'XX银行App-外汇' 页面查看您的账户信息，了解您的卡是否支持海外购汇,synthetic,synthetic,我想知道我的银行卡是否可以用于海外购汇? || 请在 'XX银行App-外汇' 页面查看您的账户信息，了解您的卡是否支持海外购汇
我想知道我的银行卡是否有额外的费率?,您可以在 'XX银行App-账户管理' 页面查看当前余额，或者通过电话热线 955xx 咨询工作人员,synthetic,synthetic,我想知道我的银行卡是否有额外的费率? || 您可以在 'XX银行App-账户管理' 页面查看当前余额，或者通过电话热线 955xx 咨询工作人员
我想知道我的银行卡是否有额度限制?,个人年度购汇额度受监管政策限制，请在‘外汇-购汇’页面查看剩余额度与用途要求；如涉及留学/就医等专项用途，请准备对应材料，必要时联系人工咨询。,synthetic,synthetic,我想知道我的银行卡是否有额度限制? || 个人年度购汇额度受监管政策限制，请在‘外汇-购汇’页面查看剩余额度与用途要求；如涉及留学/就医等专项用途，请准备对应材料，必要时联系人工咨询。
我想知道我的银行卡是否有额度限制？,个人年度购汇额度受监管政策限制，请在‘外汇-购汇’页面查看剩余额度与用途要求；如涉及留学/就医等专项用途，请准备对应材料，必要时联系人工咨询。,synthetic,synthetic,我想知道我的银行卡是否有额度限制？ || 个人年度购汇额度受监管政策限制，请在‘外汇-购汇’页面查看剩余额度与用途要求；如涉及留学/就医等专项用途，请准备对应材料，必要时联系人工咨询。
我想知道我的银行卡是否被盗刷?,如果您发现账户异常，请直接致电热线选择对应按键并按照提示操作；如非紧急事项，您可以通过‘XX银行App-账户管理’页面查看当前账务记录或咨询人工协助处理,synthetic,synthetic,我想知道我的银行卡是否被盗刷? || 如果您发现账户异常，请直接致电热线选择对应按键并按照提示操作；如非紧急事项，您可以通过‘XX银行App-账户管理’页面查看当前账务记录或咨询人工协助处理
我想知道我的银行卡有哪些服务费用？,您可以在 '我的-费用与权益' 页面查看当前收费项目和退订方式，必要时联系人工核实账期与条件。,synthetic,synthetic,我想知道我的银行卡有哪些服务费用？ || 您可以在 '我的-费用与权益' 页面查看当前收费项目和退订方式，必要时联系人工核实账期与条件。
我想知道我的银行卡有效期?,请在 'XX银行App-账户管理' 页面查看当前有效期，或拨打 955xx 客服电话咨询。,synthetic,synthetic,我想知道我的银行卡有效期? || 请在 'XX银行App-账户管理' 页面查看当前有效期，或拨打 955xx 客服电话咨询。
我想知道我的银行卡有没有限制?,个人年度购汇额度受监管政策限制，请在‘外汇-购汇’页面查看剩余额度与用途要求；如涉及留学/就医等专项用途，请准备对应材料，必要时联系人工咨询。,synthetic,synthetic,我想知道我的银行卡有没有限制? || 个人年度购汇额度受监管政策限制，请在‘外汇-购汇’页面查看剩余额度与用途要求；如涉及留学/就医等专项用途，请准备对应材料，必要时联系人工咨询。
我想知道我的银行卡的余额?,您可以在'XX银行App-账户管理-账户信息'页面查看您的银行卡余额，结果以系统显示为准。,synthetic,synthetic,我想知道我的银行卡的余额? || 您可以在'XX银行App-账户管理-账户信息'页面查看您的银行卡余额，结果以系统显示为准。
我想知道我的银行卡的余额是多少?,请在'账户管理-账户明细'页面查看您的当前余额，或拨打955xx热线咨询。,synthetic,synthetic,我想知道我的银行卡的余额是多少? || 请在'账户管理-账户明细'页面查看您的当前余额，或拨打955xx热线咨询。
我想知道我的银行卡的余额是多少？,请在'账户管理-账户明细'页面查看您的当前余额，或拨打955xx热线咨询。,synthetic,synthetic,我想知道我的银行卡的余额是多少？ || 请在'账户管理-账户明细'页面查看您的当前余额，或拨打955xx热线咨询。
我想知道我的银行卡的利率是多少?,您可以在 'XX银行App-产品详情' 页面查看当前存款利率，或者通过电话热线 955xx 咨询工作人员,synthetic,synthetic,我想知道我的银行卡的利率是多少? || 您可以在 'XX银行App-产品详情' 页面查看当前存款利率，或者通过电话热线 955xx 咨询工作人员
我想知道我的银行卡的可用额度是多少?,您可以在'账户管理-额度管理'页面查看您的当前可用额度，或拨打955xx热线咨询。,synthetic,synthetic,我想知道我的银行卡的可用额度是多少? || 您可以在'账户管理-额度管理'页面查看您的当前可用额度，或拨打955xx热线咨询。
我想知道我的银行卡的有效期是多少?,您可以在 'XX银行App-账户管理' 页面查看您的银行卡信息，包括有效期限,synthetic,synthetic,我想知道我的银行卡的有效期是多少? || 您可以在 'XX银行App-账户管理' 页面查看您的银行卡信息，包括有效期限
我想知道我的银行卡的有效期限?,请在 '账户管理-账户信息' 页面查看您的银行卡有效期，结果以系统显示为准。,synthetic,synthetic,我想知道我的银行卡的有效期限? || 请在 '账户管理-账户信息' 页面查看您的银行卡有效期，结果以系统显示为准。
我想知道我的银行卡的消费记录是怎么样的？,您可以在'XX银行App-账户管理'页面查看您的当前消费明细，或者拨打955xx热线咨询。,synthetic,synthetic,我想知道我的银行卡的消费记录是怎么样的？ || 您可以在'XX银行App-账户管理'页面查看您的当前消费明细，或者拨打955xx热线咨询。
我想知道我的银行卡的额度,请在'XX银行App-账户管理-账户信息'中查看您的当前额度，或者拨打955xx咨询人工客服。,synthetic,synthetic,我想知道我的银行卡的额度 || 请在'XX银行App-账户管理-账户信息'中查看您的当前额度，或者拨打955xx咨询人工客服。
我想知道我的银行卡的额度?,您可以在'XX银行App-账户管理-额度信息'页面查看您的银行卡额度，结果以系统显示为准。,synthetic,synthetic,我想知道我的银行卡的额度? || 您可以在'XX银行App-账户管理-额度信息'页面查看您的银行卡额度，结果以系统显示为准。
我想知道我的银行卡的额度剩余多少?,您可在‘信用卡-额度管理’页面查看当前额度与用途要求；如有疑问，请联系人工咨询。,synthetic,synthetic,我想知道我的银行卡的额度剩余多少? || 您可在‘信用卡-额度管理’页面查看当前额度与用途要求；如有疑问，请联系人工咨询。
我想知道我的银行卡的额度剩余多少？,您可在‘账户管理-额度管理’页面查看您的当前额度，或拨打955xx热线咨询。,synthetic,synthetic,我想知道我的银行卡的额度剩余多少？ || 您可在‘账户管理-额度管理’页面查看您的当前额度，或拨打955xx热线咨询。
我想知道我的银行卡的额度限制是多少？,您可以在‘我的-账户管理-额度管理’页面查看当前额度与申请调整方式。,synthetic,synthetic,我想知道我的银行卡的额度限制是多少？ || 您可以在‘我的-账户管理-额度管理’页面查看当前额度与申请调整方式。
我想知道我的银行卡绑定了哪些账户?,您可以在'XX银行App-账户管理'页面查看您的当前绑定信息，或拨打955xx热线咨询。,synthetic,synthetic,我想知道我的银行卡绑定了哪些账户? || 您可以在'XX银行App-账户管理'页面查看您的当前绑定信息，或拨打955xx热线咨询。
我想知道我的银行卡绑定手机是多少?,请在‘XX银行App-账户管理’页面查看当前绑定手机号，或者前往网点核实,synthetic,synthetic,我想知道我的银行卡绑定手机是多少? || 请在‘XX银行App-账户管理’页面查看当前绑定手机号，或者前往网点核实
我想知道我的银行卡能否办理信用卡?,您可以在 'XX银行App-账户管理' 页面查看当前额度与风险评估结果，或者通过电话热线 955xx 咨询工作人员,synthetic,synthetic,我想知道我的银行卡能否办理信用卡? || 您可以在 'XX银行App-账户管理' 页面查看当前额度与风险评估结果，或者通过电话热线 955xx 咨询工作人员
我想知道我的银行卡能否办理理财业务?,您可以在 'XX银行App-账户管理' 页面查看当前额度与风险评估结果，或者通过电话热线 955xx 咨询工作人员,synthetic,synthetic,我想知道我的银行卡能否办理理财业务? || 您可以在 'XX银行App-账户管理' 页面查看当前额度与风险评估结果，或者通过电话热线 955xx 咨询工作人员
我想知道我的银行卡能否办理网贷?,您可以在 'XX银行App-账户管理' 页面查看当前额度与风险评估结果，或者通过电话热线 955xx 咨询工作人员,synthetic,synthetic,我想知道我的银行卡能否办理网贷? || 您可以在 'XX银行App-账户管理' 页面查看当前额度与风险评估结果，或者通过电话热线 955xx 咨询工作人员
我想知道我的银行卡账单周期是多少?,请在'XX银行App-账单/明细'页面查看您的当前账单周期，或者可以拨打955xx热线咨询。,synthetic,synthetic,我想知道我的银行卡账单周期是多少? || 请在'XX银行App-账单/明细'页面查看您的当前账单周期，或者可以拨打955xx热线咨询。
我想知道我的银行卡账单周期是多少？,请在'XX银行App-账单/明细'页面查看您的当前账单周期，或者可以拨打955xx热线咨询。,synthetic,synthetic,我想知道我的银行卡账单周期是多少？ || 请在'XX银行App-账单/明细'页面查看您的当前账单周期，或者可以拨打955xx热线咨询。
我想知道我的银行卡账单周期是多长？,请在'XX银行App-账单/明细'页面查看您的当前账单周期，或者可以拨打955xx热线咨询。,synthetic,synthetic,我想知道我的银行卡账单周期是多长？ || 请在'XX银行App-账单/明细'页面查看您的当前账单周期，或者可以拨打955xx热线咨询。
我想知道我的银行卡账户余额?,您可以在‘XX银行App-账户管理’中查询您的当前余额。,synthetic,synthetic,我想知道我的银行卡账户余额? || 您可以在‘XX银行App-账户管理’中查询您的当前余额。
我想知道我的银行卡账户余额是多少?,您可以在'XX银行App-账户管理'页面查看您的当前余额，或拨打955xx热线咨询。,synthetic,synthetic,我想知道我的银行卡账户余额是多少? || 您可以在'XX银行App-账户管理'页面查看您的当前余额，或拨打955xx热线咨询。
我想知道我的银行卡账户余额是多少？,您可以在'XX银行App-账户管理'页面查看您的当前余额，或拨打955xx热线咨询。,synthetic,synthetic,我想知道我的银行卡账户余额是多少？ || 您可以在'XX银行App-账户管理'页面查看您的当前余额，或拨打955xx热线咨询。
我想知道我的银行卡账户余额？,您可以在‘XX银行App-账户管理’中查询您的当前余额。,synthetic,synthetic,我想知道我的银行卡账户余额？ || 您可以在‘XX银行App-账户管理’中查询您的当前余额。
我想知道我的银行卡账户信息是什么?,请在 'XX银行App-账单/明细' 页面按月份查询，或导出对账单；如需发票/凭证，可在明细页申请。,synthetic,synthetic,我想知道我的银行卡账户信息是什么? || 请在 'XX银行App-账单/明细' 页面按月份查询，或导出对账单；如需发票/凭证，可在明细页申请。
我想知道我的银行卡账户信用额度?,您可以在‘XX银行App-账户管理’中查询您的当前信用额度和额度使用情况。若需额度调整，请在‘信用卡额度管理’页面提交申请，结果以系统显示为准。,synthetic,synthetic,我想知道我的银行卡账户信用额度? || 您可以在‘XX银行App-账户管理’中查询您的当前信用额度和额度使用情况。若需额度调整，请在‘信用卡额度管理’页面提交申请，结果以系统显示为准。
我想知道我的银行卡账户历史交易记录?,为保护您的隐私，我们无法直接查看您的账务。请在‘XX银行App-账单/明细’按月份查询，或导出对账单；如需发票/凭证，可在明细页申请。,synthetic,synthetic,我想知道我的银行卡账户历史交易记录? || 为保护您的隐私，我们无法直接查看您的账务。请在‘XX银行App-账单/明细’按月份查询，或导出对账单；如需发票/凭证，可在明细页申请。
我想知道我的银行卡额度是多少?,您可以在'XX银行App-账户管理'页面查看您的当前额度，或拨打955xx热线咨询。,synthetic,synthetic,我想知道我的银行卡额度是多少? || 您可以在'XX银行App-账户管理'页面查看您的当前额度，或拨打955xx热线咨询。
我想知道我的银行卡额度是多少？,您可以在 'XX银行App-账户管理' 页面查看当前额度，或者通过电话热线 955xx 咨询工作人员,synthetic,synthetic,我想知道我的银行卡额度是多少？ || 您可以在 'XX银行App-账户管理' 页面查看当前额度，或者通过电话热线 955xx 咨询工作人员
我想知道我的银行卡额度限制是什么?,个人年度购汇额度受监管政策限制，请在‘外汇-购汇’页面查看剩余额度与用途要求；如涉及留学/就医等专项用途，请准备对应材料，必要时联系人工咨询。,synthetic,synthetic,我想知道我的银行卡额度限制是什么? || 个人年度购汇额度受监管政策限制，请在‘外汇-购汇’页面查看剩余额度与用途要求；如涉及留学/就医等专项用途，请准备对应材料，必要时联系人工咨询。
我想知道我的银行卡额度限制是多少？,您可以在‘我的-账户管理-额度管理’页面查看当前额度与申请调整方式。,synthetic,synthetic,我想知道我的银行卡额度限制是多少？ || 您可以在‘我的-账户管理-额度管理’页面查看当前额度与申请调整方式。
我想知道最近一次转账是否成功?,您可以在'XX银行App-交易记录'页面查看最近的转账状态，或者联系人工客服帮助核实,synthetic,synthetic,我想知道最近一次转账是否成功? || 您可以在'XX银行App-交易记录'页面查看最近的转账状态，或者联系人工客服帮助核实
我想知道这个月的信用卡账单是多少?,为保护您的隐私，我们无法直接查看您的账务。请在‘XX银行App-账户管理’页面按月份查询，或导出对账单；如需发票/凭证，可在明细页申请。,synthetic,synthetic,我想知道这个月的信用卡账单是多少? || 为保护您的隐私，我们无法直接查看您的账务。请在‘XX银行App-账户管理’页面按月份查询，或导出对账单；如需发票/凭证，可在明细页申请。
我想知道银行卡的余额?,请在 ‘XX银行App-账单/明细’按月份查询，或导出对账单；如需发票/凭证，可在明细页申请。,synthetic,synthetic,我想知道银行卡的余额? || 请在 ‘XX银行App-账单/明细’按月份查询，或导出对账单；如需发票/凭证，可在明细页申请。
我想知道银行卡的储值历史?,为保护您的隐私，我们不会查看或公开您的具体消费明细。明细可在‘XX银行App-账单/明细’自行查询；若发现异常交易，请第一时间联系人工协助处理。,synthetic,synthetic,我想知道银行卡的储值历史? || 为保护您的隐私，我们不会查看或公开您的具体消费明细。明细可在‘XX银行App-账单/明细’自行查询；若发现异常交易，请第一时间联系人工协助处理。
我想知道银行卡的到账时间?,到账时间以产品条款为准，您可在‘我的-账户管理-到账规则’页面查看；不同产品可能存在 T+N 到账，具体以页面显示为准。,synthetic,synthetic,我想知道银行卡的到账时间? || 到账时间以产品条款为准，您可在‘我的-账户管理-到账规则’页面查看；不同产品可能存在 T+N 到账，具体以页面显示为准。
我想知道银行卡的额度限制是多少?,个人年度购汇额度受监管政策限制，请在‘外汇-购汇’页面查看剩余额度与用途要求；如涉及留学/就医等专项用途，请准备对应材料，必要时联系人工咨询。,synthetic,synthetic,我想知道银行卡的额度限制是多少? || 个人年度购汇额度受监管政策限制，请在‘外汇-购汇’页面查看剩余额度与用途要求；如涉及留学/就医等专项用途，请准备对应材料，必要时联系人工咨询。
我想知道银行的工作时间是什么?,银行的工作时间是9:00-18:00，如需更多信息，请在 App 底部“客服中心”查阅。,synthetic,synthetic,我想知道银行的工作时间是什么? || 银行的工作时间是9:00-18:00，如需更多信息，请在 App 底部“客服中心”查阅。
我想询问一下我的贷款利率是多少?,您可以在 '贷款-产品详情' 页面查看当前利率，或咨询人工客服了解最新政策。,synthetic,synthetic,我想询问一下我的贷款利率是多少? || 您可以在 '贷款-产品详情' 页面查看当前利率，或咨询人工客服了解最新政策。
我想调整信用卡额度，但是需要系统评估，受用卡记录与风险政策影响。,请在‘信用卡-额度管理’页面提交申请，结果以系统显示为准；如需临时额度，请按页面指引申请并留意到期恢复。,synthetic,synthetic,我想调整信用卡额度，但是需要系统评估，受用卡记录与风险政策影响。 || 请在‘信用卡-额度管理’页面提交申请，结果以系统显示为准；如需临时额度，请按页面指引申请并留意到期恢复。
我想调整我的信用卡额度?,"请在""信用卡-额度管理""页面提交申请，结果以系统显示为准；如需临时额度，请按页面指引申请并留意到期恢复。",synthetic,synthetic,"我想调整我的信用卡额度? || 请在""信用卡-额度管理""页面提交申请，结果以系统显示为准；如需临时额度，请按页面指引申请并留意到期恢复。"
我想购买理财产品，需要准备什么?,请在'XX银行App-理财'页面提交申请，结果以系统显示为准；如需临时赎回，请按页面指引申请并留意到期恢复。,synthetic,synthetic,我想购买理财产品，需要准备什么? || 请在'XX银行App-理财'页面提交申请，结果以系统显示为准；如需临时赎回，请按页面指引申请并留意到期恢复。
我想购买美元外汇，有没有额度限制？,个人年度购汇额度受监管政策限制，请在'外汇-购汇'页面查看剩余额度与用途要求；如涉及留学/就医等专项用途，请准备对应材料，必要时联系人工咨询。,synthetic,synthetic,我想购买美元外汇，有没有额度限制？ || 个人年度购汇额度受监管政策限制，请在'外汇-购汇'页面查看剩余额度与用途要求；如涉及留学/就医等专项用途，请准备对应材料，必要时联系人工咨询。
我想转出美元账户中的金额到本地账户,您可在'外汇-赎回'页面查看具体流程并确认剩余额度与赎回费用，另有注意事项请务必阅读系统说明,synthetic,synthetic,我想转出美元账户中的金额到本地账户 || 您可在'外汇-赎回'页面查看具体流程并确认剩余额度与赎回费用，另有注意事项请务必阅读系统说明
我想转账到另一个银行卡，但为什么不能支付？,"部分异常会触发风控复核或退汇，请在""转账记录""查看状态；如24小时内未入账或退回，请联系人工协助处理。",synthetic,synthetic,"我想转账到另一个银行卡，但为什么不能支付？ || 部分异常会触发风控复核或退汇，请在""转账记录""查看状态；如24小时内未入账或退回，请联系人工协助处理。"
我想转账到我的银行卡，但系统一直显示失败。怎么办?,部分异常会触发风控复核或退汇，请在‘转账记录’查看状态；如 24 小时内未入账或退回，请联系人工协查。请确认收款人姓名与卡号一致，避免误转。,synthetic,synthetic,我想转账到我的银行卡，但系统一直显示失败。怎么办? || 部分异常会触发风控复核或退汇，请在‘转账记录’查看状态；如 24 小时内未入账或退回，请联系人工协查。请确认收款人姓名与卡号一致，避免误转。
我想转账到朋友的账户，但需要多久才能到账?,转账时效以产品条款为准，您可在‘XX银行App-账单/明细’页面查看剩余额度与用途要求；如涉及留学/就医等专项用途，请准备对应材料，必要时联系人工咨询。,synthetic,synthetic,我想转账到朋友的账户，但需要多久才能到账? || 转账时效以产品条款为准，您可在‘XX银行App-账单/明细’页面查看剩余额度与用途要求；如涉及留学/就医等专项用途，请准备对应材料，必要时联系人工咨询。
我想转账到朋友的银行卡，但App提示人脸识别失败，怎么解决？,"请在光线充足环境下正对摄像头，清除摄像头污渍并关闭强美颜/滤镜后重试；仍失败可在""我的-安全中心-人工核验""提交资料，或携带身份证至网点协助处理。",synthetic,synthetic,"我想转账到朋友的银行卡，但App提示人脸识别失败，怎么解决？ || 请在光线充足环境下正对摄像头，清除摄像头污渍并关闭强美颜/滤镜后重试；仍失败可在""我的-安全中心-人工核验""提交资料，或携带身份证至网点协助处理。"
我想转账，但转账失败了，怎么办?,部分异常会触发风控复核或退汇，请在‘转账记录’查看状态；如24小时内未入账或退回，请联系人工协查。请确认收款人姓名与卡号一致，避免误转。,synthetic,synthetic,我想转账，但转账失败了，怎么办? || 部分异常会触发风控复核或退汇，请在‘转账记录’查看状态；如24小时内未入账或退回，请联系人工协查。请确认收款人姓名与卡号一致，避免误转。
我想问一下信用卡额度是多少?,您可以在 'XX银行App-额度管理' 页面查看您的当前额度，或拨打955xx热线咨询。,synthetic,synthetic,我想问一下信用卡额度是多少? || 您可以在 'XX银行App-额度管理' 页面查看您的当前额度，或拨打955xx热线咨询。
我想问一下关于银行卡的额度限制?,个人年度购汇额度受监管政策限制，请在‘外汇-购汇’页面查看剩余额度与用途要求；如涉及留学/就医等专项用途，请准备对应材料，必要时联系人工咨询。,synthetic,synthetic,我想问一下关于银行卡的额度限制? || 个人年度购汇额度受监管政策限制，请在‘外汇-购汇’页面查看剩余额度与用途要求；如涉及留学/就医等专项用途，请准备对应材料，必要时联系人工咨询。
我想问一下如何查询我的账户余额?,请在 XX 银行 App 的 '账户管理' 页面查看您的当前账户余额，或拨打 955xx 热线咨询,synthetic,synthetic,我想问一下如何查询我的账户余额? || 请在 XX 银行 App 的 '账户管理' 页面查看您的当前账户余额，或拨打 955xx 热线咨询
我想问一下存款利率是什么?,存款利率可能随时点政策与产品而变动，请以网点公告或 App‘存款-产品详情-利率说明’为准。若需大额存单或专项产品，请咨询人工了解当前政策。,synthetic,synthetic,我想问一下存款利率是什么? || 存款利率可能随时点政策与产品而变动，请以网点公告或 App‘存款-产品详情-利率说明’为准。若需大额存单或专项产品，请咨询人工了解当前政策。
我想问一下存款利率是多少?,存款利率可能随时点政策与产品而变动，请以网点公告或 App‘存款-产品详情-利率说明’为准。若需大额存单或专项产品，请咨询人工了解当前政策。,synthetic,synthetic,我想问一下存款利率是多少? || 存款利率可能随时点政策与产品而变动，请以网点公告或 App‘存款-产品详情-利率说明’为准。若需大额存单或专项产品，请咨询人工了解当前政策。
我想问一下我的账户余额是多少?,您可以在 'XX银行App-账单/明细' 页面按月份查询，或导出对账单；如需发票/凭证，可在明细页申请。,synthetic,synthetic,我想问一下我的账户余额是多少? || 您可以在 'XX银行App-账单/明细' 页面按月份查询，或导出对账单；如需发票/凭证，可在明细页申请。
我想问一下我的银行卡号被盗了?,请第一时间联系人工热线（955xx），并根据页面指引提交报案申请。尽快锁定卡号以防止未知交易。,synthetic,synthetic,我想问一下我的银行卡号被盗了? || 请第一时间联系人工热线（955xx），并根据页面指引提交报案申请。尽快锁定卡号以防止未知交易。
我想问一下我的银行卡密码是多少?,为了保护您的隐私，我们不会泄露或查询您的银行卡密码。如需帮助，请联系客服热线或前往网点咨询，以便我们为您提供有关银行卡管理的相关信息和指导。,synthetic,synthetic,我想问一下我的银行卡密码是多少? || 为了保护您的隐私，我们不会泄露或查询您的银行卡密码。如需帮助，请联系客服热线或前往网点咨询，以便我们为您提供有关银行卡管理的相关信息和指导。
我想问一下我的银行卡的额度?,您可在‘我的-额度管理’页面查看您的当前额度，或拨打955xx热线咨询。,synthetic,synthetic,我想问一下我的银行卡的额度? || 您可在‘我的-额度管理’页面查看您的当前额度，或拨打955xx热线咨询。
我想问一下最近几个月内银行卡发生了什么变化?,您可以在 'XX银行App-账户管理' 页面查看当前余额和交易记录，或者通过电话热线 955xx 咨询工作人员,synthetic,synthetic,我想问一下最近几个月内银行卡发生了什么变化? || 您可以在 'XX银行App-账户管理' 页面查看当前余额和交易记录，或者通过电话热线 955xx 咨询工作人员
我想问一下理财产品的赎回规则是什么?,您可在 'XX银行App-理财-持有中-产品详情' 页面查看当前产品的赎回规则与费用说明；不同产品可能存在 T+N 到账或赎回费，具体以页面显示为准。,synthetic,synthetic,我想问一下理财产品的赎回规则是什么? || 您可在 'XX银行App-理财-持有中-产品详情' 页面查看当前产品的赎回规则与费用说明；不同产品可能存在 T+N 到账或赎回费，具体以页面显示为准。
我想问一下账户管理费是多少?,"费用以产品或服务条款为准，您可在""我的-费用与权益/消息服务""查看当前收费项目与退订方式；如对费用有异议，请联系人工核实账期与条件。",synthetic,synthetic,"我想问一下账户管理费是多少? || 费用以产品或服务条款为准，您可在""我的-费用与权益/消息服务""查看当前收费项目与退订方式；如对费用有异议，请联系人工核实账期与条件。"
我想问一下银行卡的余额是多少?,您可以在'账户管理-账户明细'页面查看您的当前余额，或拨打955xx热线咨询。,synthetic,synthetic,我想问一下银行卡的余额是多少? || 您可以在'账户管理-账户明细'页面查看您的当前余额，或拨打955xx热线咨询。
我想问一下，你们的短信服务费有多少？,费用以产品或服务条款为准，您可在‘我的-费用与权益/消息服务’查看当前收费项目与退订方式；如对费用有异议，请联系人工核实账期与条件。,synthetic,synthetic,我想问一下，你们的短信服务费有多少？ || 费用以产品或服务条款为准，您可在‘我的-费用与权益/消息服务’查看当前收费项目与退订方式；如对费用有异议，请联系人工核实账期与条件。
我想问一下，如何查询我的银行卡账户?,您可以在‘XX银行App-账户管理’页面查阅您的账户信息，或拨打955xx客服电话咨询。,synthetic,synthetic,我想问一下，如何查询我的银行卡账户? || 您可以在‘XX银行App-账户管理’页面查阅您的账户信息，或拨打955xx客服电话咨询。
我想问一下，账户管理费收取的标准是什么？,费用以产品或服务条款为准，您可在‘我的-费用与权益/消息服务’页面查看当前收费项目与退订方式；如对费用有异议，请联系人工核实账期与条件。,synthetic,synthetic,我想问一下，账户管理费收取的标准是什么？ || 费用以产品或服务条款为准，您可在‘我的-费用与权益/消息服务’页面查看当前收费项目与退订方式；如对费用有异议，请联系人工核实账期与条件。
我想问一下，银行卡的安全性怎么样？,我们银行严格遵守各项安全规定，确保您的银行卡信息和资金安全。如有任何疑虑，请联系我们的客服人员，我们会竭诚为您服务。,synthetic,synthetic,我想问一下，银行卡的安全性怎么样？ || 我们银行严格遵守各项安全规定，确保您的银行卡信息和资金安全。如有任何疑虑，请联系我们的客服人员，我们会竭诚为您服务。
我想问一下，银行卡的密码是怎么设置的？,您可以在‘我的-账户管理-安全设置’页面查看如何修改密码或重置登录凭证。,synthetic,synthetic,我想问一下，银行卡的密码是怎么设置的？ || 您可以在‘我的-账户管理-安全设置’页面查看如何修改密码或重置登录凭证。
我想问一下，银行卡的额度限制是多少?,您可以在‘我的-账户管理-额度管理’页面查看当前额度与申请调整方式。,synthetic,synthetic,我想问一下，银行卡的额度限制是多少? || 您可以在‘我的-账户管理-额度管理’页面查看当前额度与申请调整方式。
我想问一下，银行的工作时间是几点到几点?,我们的工作时间是9:00-18:00，如果您有紧急事项，请联系人工客服热线955xx,synthetic,synthetic,我想问一下，银行的工作时间是几点到几点? || 我们的工作时间是9:00-18:00，如果您有紧急事项，请联系人工客服热线955xx
我想问一下，银行的工作时间是几点到几点？,我们的工作时间是9:00-18:00，如果您有紧急事项，请联系人工客服热线955xx,synthetic,synthetic,我想问一下，银行的工作时间是几点到几点？ || 我们的工作时间是9:00-18:00，如果您有紧急事项，请联系人工客服热线955xx
我最近的存款利率能查一下吗？,"存款利率可能随时点政策与产品而变动，请以网点公告或 App ""存款-产品详情-利率说明""为准。若需大额存单或专项产品，请咨询人工了解当前政策。",synthetic,synthetic,"我最近的存款利率能查一下吗？ || 存款利率可能随时点政策与产品而变动，请以网点公告或 App ""存款-产品详情-利率说明""为准。若需大额存单或专项产品，请咨询人工了解当前政策。"
我的卡余额不足，不能转账。,如需充值，首先清空余额、取消代扣与绑订业务后，再申请新款银行卡；如仍无法完成请联系客服热线获取解决方案。,synthetic,synthetic,我的卡余额不足，不能转账。 || 如需充值，首先清空余额、取消代扣与绑订业务后，再申请新款银行卡；如仍无法完成请联系客服热线获取解决方案。
我的卡片有没有额度限制?,个人年度购汇额度受监管政策限制，请在“外汇-购汇”页面查看剩余额度与用途要求；如涉及留学/就医等专项用途，请准备对应材料，必要时联系人工咨询。,synthetic,synthetic,我的卡片有没有额度限制? || 个人年度购汇额度受监管政策限制，请在“外汇-购汇”页面查看剩余额度与用途要求；如涉及留学/就医等专项用途，请准备对应材料，必要时联系人工咨询。
我的卡被盗了，如何保护自己?,请第一时间联系人工热线 (955xx)，并根据页面指引提交报案申请。尽快锁定卡号以防止未知交易。,synthetic,synthetic,我的卡被盗了，如何保护自己? || 请第一时间联系人工热线 (955xx)，并根据页面指引提交报案申请。尽快锁定卡号以防止未知交易。
我的卡被盗了，怎么办?,请第一时间联系人工热线选择对应按键处理，避免损失更多。,synthetic,synthetic,我的卡被盗了，怎么办? || 请第一时间联系人工热线选择对应按键处理，避免损失更多。
我的卡被盗了，怎么办？,请立即联系客服热线，我们会帮助您申请冻结原始卡号并更换新卡，以防止非法使用。,synthetic,synthetic,我的卡被盗了，怎么办？ || 请立即联系客服热线，我们会帮助您申请冻结原始卡号并更换新卡，以防止非法使用。
我的卡被盗了，钱全没了，我想找回我卡上的钱。,你可以联系我们的客服中心，或者直接致电热线，选择'报告卡丢失或被盗'项，并提供相关信息，我们会帮助你处理,synthetic,synthetic,我的卡被盗了，钱全没了，我想找回我卡上的钱。 || 你可以联系我们的客服中心，或者直接致电热线，选择'报告卡丢失或被盗'项，并提供相关信息，我们会帮助你处理
我的卡被盗刷了，怎么办？,请第一时间联系银行热线955xx，说明情况并提供相关证据。,synthetic,synthetic,我的卡被盗刷了，怎么办？ || 请第一时间联系银行热线955xx，说明情况并提供相关证据。
我的账户里有哪些业务?,您可以在 'XX银行App-我的' 页面查看当前的业务，包括但不限于储蓄卡、信用卡、理财产品等。,synthetic,synthetic,我的账户里有哪些业务? || 您可以在 'XX银行App-我的' 页面查看当前的业务，包括但不限于储蓄卡、信用卡、理财产品等。
我的银行卡余额是多少?,您可以在 'XX银行App-账户管理' 页面查看当前余额，或者通过电话热线 955xx 咨询工作人员。,synthetic,synthetic,我的银行卡余额是多少? || 您可以在 'XX银行App-账户管理' 页面查看当前余额，或者通过电话热线 955xx 咨询工作人员。
我的银行卡密码忘记了，怎么办？,请立即联系客服热线，我们会帮助您申请更换新密码，并进行身份验证，以防止非法使用。,synthetic,synthetic,我的银行卡密码忘记了，怎么办？ || 请立即联系客服热线，我们会帮助您申请更换新密码，并进行身份验证，以防止非法使用。
我的银行卡有没有额度限制?,个人年度购汇额度受监管政策限制，请在‘外汇-购汇’页面查看剩余额度与用途要求；如涉及留学/就医等专项用途，请准备对应材料，必要时联系人工咨询。,synthetic,synthetic,我的银行卡有没有额度限制? || 个人年度购汇额度受监管政策限制，请在‘外汇-购汇’页面查看剩余额度与用途要求；如涉及留学/就医等专项用途，请准备对应材料，必要时联系人工咨询。
我的银行卡的密码怎么重置?,您可以通过'XX银行App-账户管理'页面点击忘记密码，系统会向您的手机或邮箱发送验证码，您需要输入验证码后即可重置密码。,synthetic,synthetic,我的银行卡的密码怎么重置? || 您可以通过'XX银行App-账户管理'页面点击忘记密码，系统会向您的手机或邮箱发送验证码，您需要输入验证码后即可重置密码。
我的银行卡被盗了，怎么办?,请第一时间联系银行热线955xx，说明情况并提供相关证据。,synthetic,synthetic,我的银行卡被盗了，怎么办? || 请第一时间联系银行热线955xx，说明情况并提供相关证据。
我的银行卡被盗了，怎么办？,请联系我们的热线 955xx 报案，并提供身份证和被盗卡号，帮助我们尽快恢复安全,synthetic,synthetic,我的银行卡被盗了，怎么办？ || 请联系我们的热线 955xx 报案，并提供身份证和被盗卡号，帮助我们尽快恢复安全
我的银行卡被盗刷了，怎么办？,请第一时间联系银行热线955xx，说明情况并提供相关证据。,synthetic,synthetic,我的银行卡被盗刷了，怎么办？ || 请第一时间联系银行热线955xx，说明情况并提供相关证据。
我的银行卡遭到盗刷，怎么办？,立即联系人工热线 955xx 处理挂失/盗刷事项,synthetic,synthetic,我的银行卡遭到盗刷，怎么办？ || 立即联系人工热线 955xx 处理挂失/盗刷事项
我要换取人民币，需要准备什么材料？,个人年度购汇额度受监管政策限制，请在‘外汇-购汇’页面查看剩余额度与用途要求；如涉及留学/就医等专项用途，请准备对应材料，必要时联系人工咨询。,synthetic,synthetic,我要换取人民币，需要准备什么材料？ || 个人年度购汇额度受监管政策限制，请在‘外汇-购汇’页面查看剩余额度与用途要求；如涉及留学/就医等专项用途，请准备对应材料，必要时联系人工咨询。
我要换美元，能不能告诉我有没有额度限制?,个人年度购汇额度受监管政策限制，请在‘外汇-购汇’页面查看剩余额度与用途要求；如涉及留学/就医等专项用途，请准备对应材料，必要时联系人工咨询。,synthetic,synthetic,我要换美元，能不能告诉我有没有额度限制? || 个人年度购汇额度受监管政策限制，请在‘外汇-购汇’页面查看剩余额度与用途要求；如涉及留学/就医等专项用途，请准备对应材料，必要时联系人工咨询。
我要查询我的账户余额有多少?,您可以在‘我的-账户管理-账户明细’页面查看当前余额信息。,synthetic,synthetic,我要查询我的账户余额有多少? || 您可以在‘我的-账户管理-账户明细’页面查看当前余额信息。
我要知道我的卡号是多少?,您可以在‘我的–账户信息’中查看您的卡号。,synthetic,synthetic,我要知道我的卡号是多少? || 您可以在‘我的–账户信息’中查看您的卡号。
我要通过微信转账到我的银行卡,您可以登录 'XX银行App-转账' 页面，选择 '微信支付'方式，并输入金额及收款人信息完成转账。,synthetic,synthetic,我要通过微信转账到我的银行卡 || 您可以登录 'XX银行App-转账' 页面，选择 '微信支付'方式，并输入金额及收款人信息完成转账。
我银行卡被盗刷了，需要怎么办?,请第一时间联系人工，提供相关证据和信息，我们会为您处理并恢复您的账户安全。,synthetic,synthetic,我银行卡被盗刷了，需要怎么办? || 请第一时间联系人工，提供相关证据和信息，我们会为您处理并恢复您的账户安全。
我需要报告一些短信服务费/账户管理费了，我怎么操作？,费用以产品或服务条款为准，您可在“我的-费用与权益/消息服务”查看当前收费项目与退订方式；如对费用有异议，请联系人工核实账期与条件。,synthetic,synthetic,我需要报告一些短信服务费/账户管理费了，我怎么操作？ || 费用以产品或服务条款为准，您可在“我的-费用与权益/消息服务”查看当前收费项目与退订方式；如对费用有异议，请联系人工核实账期与条件。
我需要联系人工客服，但是我不清楚热线电话号码。,请在 App 底部 '客服中心' 输入 '人工客服' 或拨打 955xx，工作时间 9:00-18:00 接入更快；如遇挂失/盗刷等紧急事项，请直接致电热线选择对应按键。,synthetic,synthetic,我需要联系人工客服，但是我不清楚热线电话号码。 || 请在 App 底部 '客服中心' 输入 '人工客服' 或拨打 955xx，工作时间 9:00-18:00 接入更快；如遇挂失/盗刷等紧急事项，请直接致电热线选择对应按键。
我需要转出金额到我的卡账户,请在 'XX银行App-产品详情' 页面查看赎回规则和费用说明，确保您有足够的余额并且了解相关费用，之后按照页面指引进行操作。,synthetic,synthetic,我需要转出金额到我的卡账户 || 请在 'XX银行App-产品详情' 页面查看赎回规则和费用说明，确保您有足够的余额并且了解相关费用，之后按照页面指引进行操作。
银行卡丢失怎么办?,请第一时间前往网点办理挂失手续，并联系人工客服协助处理,synthetic,synthetic,银行卡丢失怎么办? || 请第一时间前往网点办理挂失手续，并联系人工客服协助处理
银行卡交易中有多笔消费未打印账单，需在网上查询明细并处理异常交易。,您可以通过 XX 银行 App-账单/明细页面中按月份查询您的账务，或者通过导出对账单进行查看。若发现异常交易，请第一时间联系人工协助处理,synthetic,synthetic,银行卡交易中有多笔消费未打印账单，需在网上查询明细并处理异常交易。 || 您可以通过 XX 银行 App-账单/明细页面中按月份查询您的账务，或者通过导出对账单进行查看。若发现异常交易，请第一时间联系人工协助处理
银行卡安全密码忘记了怎么办?,你可以尝试通过'XX银行App-安全管理'页面找回密码，或拨打955xx热线咨询，工作时间9:00-18:00接入更快。,synthetic,synthetic,银行卡安全密码忘记了怎么办? || 你可以尝试通过'XX银行App-安全管理'页面找回密码，或拨打955xx热线咨询，工作时间9:00-18:00接入更快。
银行卡账户信息查询,您可以在'XX银行App-账户管理'页面查阅您的账户信息，或拨打955xx客服电话咨询。,synthetic,synthetic,银行卡账户信息查询 || 您可以在'XX银行App-账户管理'页面查阅您的账户信息，或拨打955xx客服电话咨询。
